game_pk,date,home,away,home_score,away_score,home_sp,away_sp,status
823244,20260325,SFN,NYA,0,7,657277,608331,F
823649,20260326,NYN,PIT,11,7,642547,694973,F
823812,20260326,MIL,CHA,14,2,694819,681343,F
824704,20260326,CHN,WAS,4,10,571510,676917,F
824865,20260326,BAL,MIN,2,1,669432,657746,F
824541,20260326,CIN,BOS,0,3,671096,676979,F
824218,20260326,HOU,ANA,0,3,686613,667755,F
823325,20260326,SDN,DET,2,8,601713,669373,F
823081,20260326,SLN,TBA,9,7,669461,656876,F
823486,20260326,PHI,TEX,5,3,650911,543135,F
823974,20260326,LAN,ARI,8,2,808967,668678,F
823163,20260326,SEA,CLE,4,6,669302,676440,F
823243,20260327,SFN,NYA,0,3,592662,693645,F
822839,20260327,TOR,ATH,3,2,592332,622663,F
823893,20260327,MIA,COL,2,1,645261,607536,F
824946,20260327,ATL,KCA,6,0,519242,666142,F
824216,20260327,HOU,ANA,2,6,681347,579328,F
823324,20260327,SDN,DET,2,5,650633,664285,F
823162,20260327,SEA,CLE,5,1,669923,668909,F
823971,20260327,LAN,ARI,5,4,686218,669194,F
823082,20260328,SLN,TBA,6,5,700241,671212,F
824701,20260328,CHN,WAS,10,2,690990,571945,F
822838,20260328,TOR,ATH,8,7,656302,605488,F
824862,20260328,BAL,MIN,1,4,680694,671737,F
823488,20260328,PHI,TEX,4,5,605400,656641,F
824540,20260328,CIN,BOS,6,5,663903,543243,F
823651,20260328,NYN,PIT,4,2,656849,656605,F
823892,20260328,MIA,COL,4,3,691587,547179,F
824213,20260328,HOU,ANA,11,9,664299,672282,F
823811,20260328,MIL,CHA,6,1,694477,680732,F
824945,20260328,ATL,KCA,6,2,625643,608379,F
823241,20260328,SFN,NYA,1,3,641816,701542,F
823323,20260328,SDN,DET,3,0,681190,656427,F
823973,20260328,LAN,ARI,3,2,607192,593958,F
823161,20260328,SEA,CLE,5,6,693433,676282,F
824864,20260329,BAL,MIN,8,6,669358,641927,F
823487,20260329,PHI,TEX,3,8,666200,669022,F
824944,20260329,ATL,KCA,1,4,656550,607625,F
822837,20260329,TOR,ATH,5,2,641778,806960,F
824538,20260329,CIN,BOS,3,2,695076,813349,F
823647,20260329,NYN,PIT,3,4,690997,669387,F
823891,20260329,MIA,COL,4,3,676974,500779,F
824215,20260329,HOU,ANA,9,7,837227,686799,F
823810,20260329,MIL,CHA,9,7,687075,641743,F
823079,20260329,SLN,TBA,7,11,669160,571927,F
824700,20260329,CHN,WAS,3,6,684007,663623,F
823160,20260329,SEA,CLE,8,0,676106,677944,F
824135,20260330,KCA,MIN,3,1,663460,680573,F
824863,20260330,BAL,TEX,2,5,605135,683004,F
824539,20260330,CIN,PIT,2,0,695505,677952,F
823484,20260330,PHI,WAS,2,13,592836,656492,F
823890,20260330,MIA,CHA,4,9,663978,663436,F
822834,20260330,TOR,COL,5,14,664074,608372,F
824943,20260330,ATL,ATH,4,0,693821,682052,F
824702,20260330,CHN,ANA,7,2,665795,696270,F
823809,20260330,MIL,TBA,2,3,690986,607259,F
823080,20260330,SLN,NYN,2,4,681517,605280,F
824214,20260330,HOU,BOS,8,1,621121,624133,F
823320,20260330,SDN,SFN,2,3,621111,694738,F
823159,20260330,SEA,NYA,2,1,622491,677960,F
825108,20260330,ARI,DET,9,6,647336,434378,F
823972,20260330,LAN,CLE,2,4,808963,800048,F
824861,20260331,BAL,TEX,5,8,621107,594798,F
824537,20260331,CIN,PIT,3,8,682227,696149,F
823485,20260331,PHI,WAS,3,2,691725,676571,F
823888,20260331,MIA,CHA,9,2,676083,607200,F
822836,20260331,TOR,COL,5,1,453286,663372,F
824942,20260331,ATL,ATH,2,5,660761,650644,F
824699,20260331,CHN,ANA,0,2,592791,667755,F
823807,20260331,MIL,TBA,6,2,605540,663556,F
823077,20260331,SLN,NYN,3,0,669467,673540,F
824212,20260331,HOU,BOS,9,2,686613,678394,F
825107,20260331,ARI,DET,7,5,694297,663554,F
823322,20260331,SDN,SFN,3,9,608566,657277,F
823158,20260331,SEA,NYA,0,5,669302,608331,F
823969,20260331,LAN,CLE,4,1,660271,676440,F
824940,20260401,ATL,ATH,5,1,519242,622663,F
824860,20260401,BAL,TEX,8,3,669432,543135,F
824536,20260401,CIN,PIT,3,8,671096,694973,F
823483,20260401,PHI,WAS,6,5,650911,676917,F
822835,20260401,TOR,COL,1,2,592332,607536,F
823889,20260401,MIA,CHA,10,0,645261,681343,F
823078,20260401,SLN,NYN,2,1,669461,642547,F
823806,20260401,MIL,TBA,8,2,694819,656876,F
824211,20260401,HOU,BOS,6,4,681347,676979,F
824698,20260401,CHN,ANA,6,2,571510,579328,F
825106,20260401,ARI,DET,1,0,668678,669373,F
823321,20260401,SDN,SFN,7,1,601713,605288,F
823157,20260401,SEA,NYA,3,5,669923,693645,F
824136,20260401,KCA,MIN,13,9,702070,657746,F
823970,20260401,LAN,CLE,1,4,808967,668909,F
824133,20260402,KCA,MIN,1,5,666142,671737,F
825105,20260402,ARI,ATL,2,17,669194,625643,F
823242,20260402,SFN,NYN,7,2,592662,656849,F
824621,20260403,CHA,TOR,,,691799,656302,F
822758,20260403,WAS,LAN,6,13,571945,686218,F
824299,20260403,DET,SLN,4,0,664285,700241,F
823568,20260403,NYA,MIA,8,2,701542,691587,F
824786,20260403,BOS,SDN,5,2,543243,650633,F
824621,20260403,CHA,TOR,5,4,691799,656302,F
822919,20260403,TEX,CIN,3,5,669022,663903,F
824458,20260403,CLE,CHN,4,1,676282,690990,F
823732,20260403,MIN,TBA,10,4,641927,671212,F
824377,20260403,COL,PHI,1,10,547179,605400,F
823406,20260403,PIT,BAL,5,4,656605,680694,F
824056,20260403,ANA,SEA,1,3,672282,693433,F
825026,20260403,ATH,HOU,11,4,605488,664299,F
825103,20260403,ARI,ATL,0,2,593958,656550,F
823240,20260403,SFN,NYN,3,10,641816,690997,F
824134,20260404,KCA,MIL,,,607625,701656,F
824295,20260404,DET,SLN,11,6,656427,669160,F
824622,20260404,CHA,TOR,6,3,691799,689254,F
824132,20260404,KCA,MIL,2,5,679883,694477,F
824134,20260404,KCA,MIL,8,2,607625,701656,F
822757,20260404,WAS,LAN,5,10,663623,607192,F
825027,20260404,ATH,HOU,0,11,806960,837227,F
823404,20260404,PIT,BAL,3,2,669387,669358,F
824782,20260404,BOS,SDN,2,3,813349,681190,F
822920,20260404,TEX,CIN,0,2,677958,695076,F
823569,20260404,NYA,MIA,9,7,677960,676974,F
823730,20260404,MIN,TBA,1,7,690953,571927,F
825104,20260404,ARI,ATL,2,1,647336,693821,F
824378,20260404,COL,PHI,1,2,657514,666200,F
823239,20260404,SFN,NYN,0,9,694738,605280,F
824054,20260404,ANA,SEA,1,0,686799,676106,F
824460,20260405,CLE,CHN,,,800048,684007,F
824459,20260405,CLE,CHN,0,1,677944,665795,F
824460,20260405,CLE,CHN,6,5,800048,684007,F
822756,20260405,WAS,LAN,6,8,656492,808963,F
823405,20260405,PIT,BAL,8,2,677952,605135,F
824781,20260405,BOS,SDN,6,8,624133,621111,F
823566,20260405,NYA,MIA,6,7,608331,664126,F
823729,20260405,MIN,TBA,1,4,680573,607259,F
824620,20260405,CHA,TOR,3,0,663436,641778,F
824131,20260405,KCA,MIL,5,8,663460,690986,F
822917,20260405,TEX,CIN,1,2,683004,695505,F
824379,20260405,COL,PHI,4,1,608372,592836,F
825025,20260405,ATH,HOU,12,10,682052,621121,F
823238,20260405,SFN,NYN,2,5,657277,673540,F
824053,20260405,ANA,SEA,8,7,691946,622491,F
825102,20260405,ARI,ATL,6,5,694297,527048,F
824296,20260405,DET,SLN,3,5,672456,681517,F
823002,20260406,TBA,CHN,6,4,663556,592791,F
824456,20260406,CLE,KCA,2,4,676440,608379,F
823401,20260406,PIT,SDN,0,5,696149,608566,F
823886,20260406,MIA,CIN,0,2,676083,682227,F
822755,20260406,WAS,SLN,9,6,641793,669467,F
824783,20260406,BOS,MIL,6,8,678394,605540,F
822832,20260406,TOR,LAN,2,14,453286,680736,F
823728,20260406,MIN,DET,7,3,657746,663554,F
824619,20260406,CHA,BAL,1,2,691799,687064,F
822918,20260406,TEX,SEA,2,1,594798,669302,F
824376,20260406,COL,HOU,9,7,663372,675989,F
824052,20260406,ANA,ATL,6,2,667755,519242,F
823237,20260406,SFN,PHI,4,6,605288,691725,F
824457,20260407,CLE,KCA,2,1,668909,702070,F
824618,20260407,CHA,BAL,2,4,681343,669432,F
823648,20260407,NYN,ARI,4,3,642547,668678,F
823402,20260407,PIT,SDN,7,1,694973,601713,F
822999,20260407,TBA,CHN,2,9,669438,665871,F
823887,20260407,MIA,CIN,3,6,645261,671096,F
822754,20260407,WAS,SLN,6,7,676917,669461,F
824780,20260407,BOS,MIL,3,2,676979,694819,F
823567,20260407,NYA,ATH,5,3,693645,650644,F
822831,20260407,TOR,LAN,1,4,592332,808967,F
823727,20260407,MIN,DET,4,2,671737,669373,F
822916,20260407,TEX,SEA,3,2,543135,669923,F
824375,20260407,COL,HOU,5,1,607536,681347,F
824051,20260407,ANA,ATL,2,7,579328,625643,F
823235,20260407,SFN,PHI,6,0,592662,650911,F
823403,20260408,PIT,SDN,2,8,656605,650633,F
824455,20260408,CLE,KCA,10,2,676282,666142,F
824779,20260408,BOS,MIL,5,0,543243,675660,F
824617,20260408,CHA,BAL,3,5,680732,680694,F
822915,20260408,TEX,SEA,3,0,669022,693433,F
822833,20260408,TOR,LAN,4,3,656302,660271,F
824374,20260408,COL,HOU,9,1,547179,664299,F
823234,20260408,SFN,PHI,5,0,641816,605400,F
822753,20260408,WAS,SLN,1,6,571945,700241,F
824050,20260408,ANA,ATL,2,8,672282,656550,F
823646,20260408,NYN,ARI,2,7,656849,669194,F
823000,20260408,TBA,CHN,2,6,671212,607067,F
823885,20260408,MIA,CIN,7,4,691587,663903,F
823564,20260408,NYA,ATH,2,3,701542,622663,F
823726,20260408,MIN,DET,8,6,641927,664285,F
823884,20260409,MIA,CIN,8,1,676974,695076,F
823565,20260409,NYA,ATH,0,1,677960,605488,F
823724,20260409,MIN,DET,3,1,690953,656427,F
823645,20260409,NYN,ARI,1,7,690997,593958,F
824130,20260409,KCA,CHA,0,2,607625,641743,F
823319,20260409,SDN,COL,7,3,681190,623474,F
824695,20260410,CHN,PIT,0,2,684007,669387,F
823482,20260410,PHI,ARI,4,5,666200,647336,F
824297,20260410,DET,MIA,2,0,672456,663978,F
824534,20260410,CIN,ANA,2,10,695505,686799,F
822829,20260410,TOR,MIN,10,4,571578,680573,F
823643,20260410,NYN,ATH,0,4,605280,669372,F
822997,20260410,TBA,NYA,5,3,571927,661563,F
824858,20260410,BAL,SFN,3,6,669358,694738,F
824941,20260410,ATL,CLE,11,5,693821,677944,F
824128,20260410,KCA,CHA,2,0,663460,663436,F
823808,20260410,MIL,WAS,3,7,676879,663623,F
823076,20260410,SLN,BOS,3,2,669160,813349,F
823318,20260410,SDN,COL,5,2,621111,608372,F
823156,20260410,SEA,HOU,9,6,676106,837227,F
823968,20260410,LAN,TEX,8,7,607192,677958,F
823480,20260411,PHI,ARI,4,3,592836,694297,F
824294,20260411,DET,MIA,6,1,663554,676083,F
824697,20260411,CHN,PIT,3,4,665795,677952,F
822830,20260411,TOR,MIN,4,7,641778,657746,F
824535,20260411,CIN,ANA,7,3,682227,691946,F
823644,20260411,NYN,ATH,6,11,673540,682052,F
824129,20260411,KCA,CHA,2,0,608379,607200,F
822996,20260411,TBA,NYA,5,4,607259,608331,F
823805,20260411,MIL,WAS,1,3,690986,656492,F
824857,20260411,BAL,SFN,6,2,605135,657277,F
823074,20260411,SLN,BOS,1,7,681517,624133,F
824939,20260411,ATL,CLE,0,6,527048,800048,F
823316,20260411,SDN,COL,9,5,608566,663372,F
823967,20260411,LAN,TEX,6,3,686218,683004,F
823155,20260411,SEA,HOU,8,7,622491,621121,F
824859,20260412,BAL,SFN,6,2,700249,605288,F
823479,20260412,PHI,ARI,3,4,647315,668678,F
822828,20260412,TOR,MIN,2,8,453286,671737,F
824533,20260412,CIN,ANA,6,9,671096,667755,F
823642,20260412,NYN,ATH,0,1,642547,650644,F
824293,20260412,DET,MIA,8,2,669373,645261,F
822998,20260412,TBA,NYA,5,4,656876,693645,F
824126,20260412,KCA,CHA,5,6,702070,691799,F
823804,20260412,MIL,WAS,6,8,605540,641793,F
823075,20260412,SLN,BOS,3,9,669467,678394,F
824696,20260412,CHN,PIT,7,6,592791,696149,F
823317,20260412,SDN,COL,7,2,601713,607536,F
823154,20260412,SEA,HOU,6,1,669302,675989,F
823966,20260412,LAN,TEX,2,5,808963,594798,F
824938,20260412,ATL,CLE,13,1,519242,676440,F
823153,20260413,SEA,HOU,6,2,669923,681347,F
824856,20260413,BAL,ARI,9,7,665152,669194,F
823400,20260413,PIT,WAS,16,5,694973,676917,F
823481,20260413,PHI,CHN,13,7,650911,665871,F
823563,20260413,NYA,ANA,11,10,701542,579328,F
824937,20260413,ATL,MIA,4,10,656550,691587,F
823725,20260413,MIN,BOS,13,6,641927,676979,F
823073,20260413,SLN,CLE,3,9,669461,668909,F
825024,20260413,ATH,TEX,1,8,622663,543135,F
823964,20260413,LAN,NYN,4,0,680736,656849,F
824853,20260414,BAL,ARI,3,4,669432,518876,F
824292,20260414,DET,KCA,2,1,664285,666142,F
823398,20260414,PIT,WAS,4,5,656605,676571,F
824531,20260414,CIN,SFN,2,1,663903,592662,F
823478,20260414,PHI,CHN,4,10,605400,702303,F
823562,20260414,NYA,ANA,1,7,677960,672282,F
824935,20260414,ATL,MIA,6,5,625643,676974,F
823723,20260414,MIN,BOS,6,0,690953,543243,F
824616,20260414,CHA,TBA,5,8,702273,663556,F
823802,20260414,MIL,TOR,7,9,694819,592332,F
823072,20260414,SLN,CLE,6,5,700241,676282,F
824210,20260414,HOU,COL,7,6,676467,547179,F
823315,20260414,SDN,SEA,4,1,650633,693433,F
825022,20260414,ATH,TEX,2,1,605488,669022,F
823965,20260414,LAN,NYN,2,1,808967,690997,F
824855,20260415,BAL,ARI,5,8,680694,593958,F
823071,20260415,SLN,CLE,5,3,669160,677944,F
823722,20260415,MIN,BOS,5,9,680573,813349,F
824291,20260415,DET,KCA,2,1,656427,607625,F
823399,20260415,PIT,WAS,2,0,682254,663623,F
824532,20260415,CIN,SFN,8,3,695076,641816,F
823477,20260415,PHI,CHN,2,11,666200,684007,F
823561,20260415,NYA,ANA,5,4,661563,686799,F
824936,20260415,ATL,MIA,6,3,693821,663978,F
824615,20260415,CHA,TBA,3,8,680732,642121,F
823803,20260415,MIL,TOR,2,1,694477,656302,F
824209,20260415,HOU,COL,3,1,681293,500779,F
823314,20260415,SDN,SEA,7,6,681190,676106,F
825021,20260415,ATH,TEX,6,5,669372,677958,F
823963,20260415,LAN,NYN,8,2,660271,605280,F
823396,20260416,PIT,WAS,7,8,677952,656492,F
824530,20260416,CIN,SFN,0,3,695505,694738,F
824289,20260416,DET,KCA,10,9,672456,663460,F
823560,20260416,NYA,ANA,4,11,608331,608718,F
823801,20260416,MIL,TOR,2,1,687075,571578,F
824614,20260416,CHA,TBA,3,5,673929,571927,F
825023,20260416,ATH,TEX,6,9,682052,683004,F
824453,20260416,CLE,BAL,4,2,800048,669358,F
824208,20260416,HOU,COL,2,3,680802,675848,F
823313,20260416,SDN,SEA,5,2,621111,622491,F
824693,20260417,CHN,NYN,12,4,665795,673540,F
824454,20260417,CLE,BAL,4,6,676440,605135,F
823476,20260417,PHI,ATL,0,9,592836,527048,F
822752,20260417,WAS,SFN,5,10,641793,657277,F
823397,20260417,PIT,TBA,5,1,696149,607259,F
823559,20260417,NYA,KCA,4,2,693645,608379,F
823883,20260417,MIA,MIL,5,7,676083,689441,F
824778,20260417,BOS,DET,1,0,624133,663554,F
824207,20260417,HOU,SLN,4,9,663567,681517,F
823720,20260417,MIN,CIN,1,2,657746,682227,F
824373,20260417,COL,LAN,1,7,608372,607192,F
824048,20260417,ANA,SDN,8,0,667755,663362,F
823152,20260417,SEA,TEX,0,5,669302,594798,F
825101,20260417,ARI,TOR,6,3,647336,680755,F
825019,20260417,ATH,CHA,2,9,650644,663436,F
823558,20260418,NYA,KCA,13,4,701542,702070,F
823721,20260418,MIN,CIN,4,5,671737,671096,F
824694,20260418,CHN,NYN,4,2,592791,642547,F
823394,20260418,PIT,TBA,7,8,694973,656876,F
822751,20260418,WAS,SFN,6,7,676917,605288,F
825020,20260418,ATH,CHA,7,6,622663,607200,F
824775,20260418,BOS,DET,1,4,678394,669373,F
823882,20260418,MIA,MIL,2,5,645261,605540,F
824451,20260418,CLE,BAL,4,2,668909,665152,F
824206,20260418,HOU,SLN,5,7,621121,669467,F
823151,20260418,SEA,TEX,7,3,669923,543135,F
823474,20260418,PHI,ATL,1,3,650911,519242,F
824372,20260418,COL,LAN,4,3,663372,686218,F
825098,20260418,ARI,TOR,6,2,668678,453286,F
824049,20260418,ANA,SDN,1,4,579328,608566,F
822750,20260419,WAS,SFN,3,0,676571,592662,F
823393,20260419,PIT,TBA,6,3,656605,663556,F
823556,20260419,NYA,KCA,7,0,677960,666142,F
824452,20260419,CLE,BAL,8,4,676282,669432,F
823881,20260419,MIA,MIL,5,3,691587,694819,F
824205,20260419,HOU,SLN,5,7,681347,669461,F
823718,20260419,MIN,CIN,4,7,641927,663903,F
824691,20260419,CHN,NYN,2,1,665871,668964,F
824371,20260419,COL,LAN,9,6,547179,808963,F
825018,20260419,ATH,CHA,4,7,605488,702273,F
824047,20260419,ANA,SDN,1,2,700712,650633,F
823150,20260419,SEA,TEX,5,2,693433,669022,F
825100,20260419,ARI,TOR,4,10,669194,592332,F
824777,20260419,BOS,DET,2,6,676979,664285,F
823475,20260419,PHI,ATL,2,4,691725,656550,F
824776,20260420,BOS,DET,8,6,543243,656427,F
824450,20260420,CLE,HOU,2,9,677944,681293,F
822994,20260420,TBA,CIN,1,6,669947,695076,F
823879,20260420,MIA,SLN,5,3,676974,700241,F
822749,20260420,WAS,ATL,4,9,663623,693821,F
824125,20260420,KCA,BAL,5,7,607625,680694,F
824692,20260420,CHN,PHI,5,1,607067,605400,F
824370,20260420,COL,LAN,3,12,500779,680736,F
824046,20260420,ANA,TOR,2,5,672282,656302,F
823149,20260420,SEA,ATH,4,6,676106,669372,F
824448,20260421,CLE,HOU,8,5,800048,680802,F
822995,20260421,TBA,CIN,6,12,571927,695505,F
823880,20260421,MIA,SLN,3,5,663978,669160,F
824290,20260421,DET,MIL,4,12,672456,690986,F
822747,20260421,WAS,ATL,11,4,656492,625643,F
824773,20260421,BOS,NYA,0,4,813349,661563,F
823640,20260421,NYN,MIN,3,5,690997,680573,F
824127,20260421,KCA,BAL,6,5,663460,669358,F
824690,20260421,CHN,PHI,7,4,684007,666200,F
822914,20260421,TEX,PIT,5,1,677958,669387,F
824369,20260421,COL,SDN,0,1,623474,681190,F
824045,20260421,ANA,TOR,2,4,686799,571578,F
823148,20260421,SEA,ATH,2,5,622491,682052,F
825099,20260421,ARI,CHA,5,11,518876,680732,F
823236,20260421,SFN,LAN,3,1,694738,808967,F
823878,20260422,MIA,SLN,4,1,676083,681517,F
824449,20260422,CLE,HOU,0,2,676440,663567,F
822993,20260422,TBA,CIN,6,1,607259,682227,F
824123,20260422,KCA,BAL,6,8,608379,605135,F
824044,20260422,ANA,TOR,7,3,667755,641778,F
823147,20260422,SEA,ATH,5,4,669302,650644,F
824286,20260422,DET,MIL,5,2,663554,669084,F
822748,20260422,WAS,ATL,6,8,641793,800311,F
824774,20260422,BOS,NYA,1,4,624133,608331,F
823641,20260422,NYN,MIN,3,2,605280,687570,F
824688,20260422,CHN,PHI,7,2,571510,679775,F
822913,20260422,TEX,PIT,4,8,683004,677952,F
824367,20260422,COL,SDN,8,3,608372,621111,F
825097,20260422,ARI,CHA,11,7,593958,641743,F
823231,20260422,SFN,LAN,3,0,641816,660271,F
822745,20260423,WAS,ATL,2,7,676917,702275,F
824288,20260423,DET,MIL,5,4,669373,687075,F
824689,20260423,CHN,PHI,8,7,665795,650911,F
824368,20260423,COL,SDN,8,10,663372,663362,F
825096,20260423,ARI,CHA,1,4,647336,663436,F
823233,20260423,SFN,LAN,0,3,657277,607192,F
824770,20260423,BOS,NYA,2,4,801139,693645,F
823639,20260423,NYN,MIN,10,8,681035,657746,F
822912,20260423,TEX,PIT,6,1,594798,696149,F
824529,20260424,CIN,DET,9,8,671096,664285,F
824854,20260424,BAL,BOS,10,3,687064,678394,F
822827,20260424,TOR,CLE,6,8,453286,668909,F
823638,20260424,NYN,COL,3,4,642547,547179,F
822992,20260424,TBA,MIN,6,2,656876,671737,F
824932,20260424,ATL,PHI,5,3,656550,691725,F
824124,20260424,KCA,ANA,6,3,702070,579328,F
824611,20260424,CHA,WAS,5,4,663542,676571,F
823800,20260424,MIL,PIT,0,6,605540,694973,F
822909,20260424,TEX,ATH,1,8,543135,622663,F
824204,20260424,HOU,NYA,4,12,621121,701542,F
823069,20260424,SLN,SEA,2,3,669467,669923,F
823962,20260424,LAN,CHN,4,6,686218,592791,F
823232,20260424,SFN,MIA,4,9,605288,645261,F
824851,20260425,BAL,BOS,1,17,669432,676979,F
823070,20260425,SLN,SEA,9,11,669461,693433,F
822826,20260425,TOR,CLE,5,3,592332,676282,F
823229,20260425,SFN,MIA,6,2,592662,691587,F
822989,20260425,TBA,MIN,6,1,663556,641927,F
824613,20260425,CHA,WAS,3,6,702273,663623,F
825093,20260425,ARI,SDN,4,6,668678,608566,F
822910,20260425,TEX,ATH,4,3,669022,605488,F
824121,20260425,KCA,ANA,12,1,666142,700712,F
824203,20260425,HOU,NYA,3,8,681347,677960,F
823799,20260425,MIL,PIT,3,6,694819,656605,F
824527,20260425,CIN,DET,9,2,663903,656427,F
823960,20260425,LAN,CHN,12,4,808963,607067,F
824933,20260425,ATL,PHI,5,8,693821,554430,F
823637,20260426,NYN,COL,,,673540,801403,F
824852,20260426,BAL,BOS,3,5,680694,813349,F
824934,20260426,ATL,PHI,6,2,519242,605400,F
822824,20260426,TOR,CLE,4,2,571578,677944,F
824528,20260426,CIN,DET,3,8,695076,672456,F
823635,20260426,NYN,COL,1,3,690997,500779,F
823637,20260426,NYN,COL,0,3,673540,801403,F
822991,20260426,TBA,MIN,4,2,643377,680573,F
824612,20260426,CHA,WAS,1,2,663542,656492,F
824202,20260426,HOU,NYA,7,4,681293,661563,F
823797,20260426,MIL,PIT,5,0,690986,669387,F
823068,20260426,SLN,SEA,2,3,700241,676106,F
822911,20260426,TEX,ATH,1,2,677958,669372,F
825094,20260426,ARI,SDN,12,7,669194,650633,F
823230,20260426,SFN,MIA,6,3,694738,676974,F
824122,20260426,KCA,ANA,11,9,607625,672282,F
823959,20260426,LAN,CHN,6,0,680736,684007,F
824446,20260427,CLE,TBA,2,3,800048,571927,F
823395,20260427,PIT,SLN,2,4,682254,669160,F
822825,20260427,TOR,BOS,0,5,656302,624133,F
823719,20260427,MIN,SEA,11,4,687570,622491,F
824609,20260427,CHA,ANA,8,7,641743,686799,F
822906,20260427,TEX,NYA,2,4,683004,608331,F
823311,20260427,SDN,CHN,9,7,681190,571510,F
823961,20260427,LAN,MIA,5,4,808967,663978,F
824447,20260428,CLE,TBA,0,1,676440,607259,F
824849,20260428,BAL,HOU,5,3,669358,678906,F
824526,20260428,CIN,COL,7,2,695505,607536,F
823390,20260428,PIT,SLN,7,11,677952,681517,F
823473,20260428,PHI,SFN,7,0,666200,641816,F
822823,20260428,TOR,BOS,3,0,702056,801139,F
823636,20260428,NYN,WAS,8,0,605280,641793,F
824931,20260428,ATL,DET,5,2,527048,663554,F
823716,20260428,MIN,SEA,1,7,657746,669302,F
824610,20260428,CHA,ANA,5,2,663436,667755,F
823798,20260428,MIL,ARI,13,2,694477,518876,F
822908,20260428,TEX,NYA,2,3,594798,693645,F
825017,20260428,ATH,KCA,1,4,650644,663460,F
823310,20260428,SDN,CHN,3,8,621111,665795,F
823956,20260428,LAN,MIA,1,2,660271,676083,F
824445,20260429,CLE,TBA,3,1,668909,656876,F
824608,20260429,CHA,ANA,3,2,607200,579328,F
823717,20260429,MIN,SEA,3,5,671737,669923,F
822907,20260429,TEX,NYA,3,0,543135,695684,F
822821,20260429,TOR,BOS,8,1,641778,678394,F
823958,20260429,LAN,MIA,2,3,607192,645261,F
823312,20260429,SDN,CHN,4,5,663362,592791,F
824525,20260429,CIN,COL,2,13,682227,608372,F
823392,20260429,PIT,SLN,4,5,696149,669467,F
823633,20260429,NYN,WAS,2,14,656849,676917,F
824930,20260429,ATL,DET,4,3,702275,669373,F
823796,20260429,MIL,ARI,2,6,687075,593958,F
825015,20260429,ATH,KCA,5,2,622663,608379,F
823471,20260430,PHI,SFN,,,641835,605288,F
824850,20260430,BAL,HOU,,,687064,621121,F
824929,20260430,ATL,DET,2,5,693821,664285,F
824848,20260430,BAL,HOU,10,3,605135,663567,F
824850,20260430,BAL,HOU,5,11,687064,621121,F
823391,20260430,PIT,SLN,5,10,694973,690928,F
823472,20260430,PHI,SFN,3,2,650911,657277,F
823471,20260430,PHI,SFN,6,5,641835,605288,F
824524,20260430,CIN,COL,6,4,671096,547179,F
823634,20260430,NYN,WAS,4,5,642547,571945,F
823795,20260430,MIL,ARI,13,1,605540,647336,F
825016,20260430,ATH,KCA,6,3,605488,702070,F
823714,20260430,MIN,TOR,7,1,641927,592332,F
824686,20260501,CHN,ARI,6,5,607067,668678,F
824287,20260501,DET,TEX,4,5,656427,669022,F
823389,20260501,PIT,CIN,9,1,656605,663903,F
822744,20260501,WAS,MIL,1,6,663623,694819,F
823557,20260501,NYA,BAL,7,2,701542,700249,F
824772,20260501,BOS,HOU,3,1,687562,681347,F
822990,20260501,TBA,SFN,3,0,663556,592662,F
823877,20260501,MIA,PHI,5,6,691587,554430,F
823713,20260501,MIN,TOR,3,7,680573,571578,F
823066,20260501,SLN,LAN,7,2,669461,686218,F
824366,20260501,COL,ATL,6,8,500779,656550,F
824041,20260501,ANA,NYN,3,4,700712,681035,F
825012,20260501,ATH,CLE,5,8,669372,676282,F
823309,20260501,SDN,CHA,2,8,608566,702273,F
823146,20260501,SEA,KCA,6,7,693433,666142,F
823554,20260502,NYA,BAL,9,4,677960,680694,F
823715,20260502,MIN,TOR,4,11,687570,656302,F
824685,20260502,CHN,ARI,2,0,684007,669194,F
825014,20260502,ATH,CLE,6,14,682052,677944,F
823388,20260502,PIT,CIN,17,7,669387,695076,F
822746,20260502,WAS,MIL,1,4,656492,690986,F
824771,20260502,BOS,HOU,3,6,813349,681293,F
823876,20260502,MIA,PHI,4,0,676974,691725,F
822988,20260502,TBA,SFN,5,1,643377,694738,F
823067,20260502,SLN,LAN,3,2,700241,808963,F
824284,20260502,DET,TEX,5,1,672456,677958,F
824365,20260502,COL,ATL,1,9,657514,519242,F
823308,20260502,SDN,CHA,0,4,650633,680732,F
824042,20260502,ANA,NYN,4,3,672282,690997,F
823144,20260502,SEA,KCA,2,3,676106,607625,F
823711,20260503,MIN,TOR,4,3,657746,702056,F
824769,20260503,BOS,HOU,1,3,624133,675989,F
823387,20260503,PIT,CIN,1,0,677952,695505,F
823555,20260503,NYA,BAL,11,3,608331,694346,F
822742,20260503,WAS,MIL,3,2,676571,701656,F
822987,20260503,TBA,SFN,2,1,571927,641816,F
823875,20260503,MIA,PHI,2,7,663978,666200,F
823065,20260503,SLN,LAN,1,4,669160,680736,F
824687,20260503,CHN,ARI,8,4,571510,518876,F
824364,20260503,COL,ATL,6,11,607536,675911,F
825013,20260503,ATH,CLE,7,1,650644,800048,F
824043,20260503,ANA,NYN,1,5,686799,605280,F
823145,20260503,SEA,KCA,1,4,622491,663460,F
823307,20260503,SDN,CHA,4,3,656288,641743,F
824285,20260503,DET,TEX,7,1,663947,683004,F
824363,20260504,COL,NYN,2,4,608372,623211,F
824283,20260504,DET,BOS,4,5,663947,801139,F
822984,20260504,TBA,TOR,5,1,607259,641778,F
823874,20260504,MIA,PHI,0,1,676083,605400,F
823552,20260504,NYA,BAL,12,1,693645,669358,F
824684,20260504,CHN,CIN,5,4,665795,695534,F
824120,20260504,KCA,CLE,6,2,608379,676440,F
823064,20260504,SLN,MIL,6,3,681517,694477,F
824201,20260504,HOU,LAN,3,8,595345,808967,F
824039,20260504,ANA,CHA,0,6,667755,663436,F
823143,20260504,SEA,ATL,5,4,669302,702275,F
823228,20260504,SFN,SDN,3,2,686790,681190,F
824281,20260505,DET,BOS,3,10,664285,663558,F
822986,20260505,TBA,TOR,4,3,656876,592332,F
823469,20260505,PHI,ATH,9,1,650911,622663,F
823873,20260505,MIA,BAL,7,9,645261,605135,F
822743,20260505,WAS,MIN,3,11,676917,671737,F
823553,20260505,NYA,TEX,7,4,695684,594798,F
824682,20260505,CHN,CIN,3,2,592791,671096,F
824119,20260505,KCA,CLE,5,3,663568,668909,F
824200,20260505,HOU,LAN,2,1,663567,660271,F
824040,20260505,ANA,CHA,4,3,691951,607200,F
825092,20260505,ARI,PIT,9,0,593958,696149,F
823142,20260505,SEA,ATL,2,3,669923,693821,F
823227,20260505,SFN,SDN,5,10,657277,621111,F
823062,20260707,SLN,MIL,,,694335,694819,F
824362,20260507,COL,NYN,,,500779,681035,F
822985,20260506,TBA,TOR,3,0,663556,571578,F
823063,20260506,SLN,MIL,2,6,669467,687075,F
824198,20260506,HOU,LAN,2,12,621121,607192,F
823226,20260506,SFN,SDN,1,5,605288,699134,F
824036,20260506,ANA,CHA,8,2,700712,702273,F
823141,20260506,SEA,ATL,3,1,693433,527048,F
824282,20260506,DET,BOS,0,4,656427,543243,F
823470,20260506,PHI,ATH,6,3,554430,605488,F
823872,20260506,MIA,BAL,4,7,691587,687064,F
822740,20260506,WAS,MIN,15,2,571945,641927,F
823550,20260506,NYA,TEX,1,6,701542,543135,F
824683,20260506,CHN,CIN,7,6,607067,663903,F
824118,20260506,KCA,CLE,1,3,666142,676282,F
824361,20260506,COL,NYN,5,10,547179,642547,F
825091,20260506,ARI,PIT,0,1,647336,694973,F
823551,20260507,NYA,TEX,9,2,621112,669022,F
822741,20260507,WAS,MIN,7,5,663623,680573,F
824117,20260507,KCA,CLE,5,8,607625,677944,F
824681,20260507,CHN,CIN,8,3,684007,695076,F
824362,20260507,COL,NYN,6,2,500779,681035,F
825090,20260507,ARI,PIT,2,4,668678,656605,F
823467,20260507,PHI,ATH,1,12,691725,669372,F
823870,20260507,MIA,BAL,4,3,676974,700249,F
824767,20260507,BOS,TBA,4,8,687562,643377,F
823306,20260507,SDN,SLN,1,2,650633,669461,F
824522,20260508,CIN,HOU,0,10,666157,681347,F
823466,20260508,PHI,COL,7,9,666200,801403,F
824846,20260508,BAL,ATH,3,4,680694,682052,F
822822,20260508,TOR,ANA,2,0,656302,672282,F
824768,20260508,BOS,TBA,2,0,813349,669947,F
823871,20260508,MIA,WAS,2,3,702281,656492,F
824443,20260508,CLE,MIN,6,4,800048,687570,F
824116,20260508,KCA,DET,4,3,663460,672456,F
824607,20260508,CHA,SEA,8,12,680732,676106,F
823794,20260508,MIL,NYA,6,0,694819,608331,F
822904,20260508,TEX,CHN,1,7,677958,676962,F
825088,20260508,ARI,NYN,1,3,669194,690997,F
823303,20260508,SDN,SLN,0,6,656288,700241,F
823957,20260508,LAN,ATL,3,1,686218,519242,F
823225,20260508,SFN,PIT,5,2,592662,669387,F
822820,20260509,TOR,ANA,14,1,702056,686799,F
824847,20260509,BAL,ATH,2,6,669358,650644,F
824523,20260509,CIN,HOU,3,1,695505,681293,F
823869,20260509,MIA,WAS,8,7,676083,663992,F
823468,20260509,PHI,COL,9,3,605400,607536,F
824444,20260509,CLE,MIN,1,2,676440,657746,F
822905,20260509,TEX,CHN,6,0,683004,665795,F
824115,20260509,KCA,DET,5,1,608379,572143,F
824606,20260509,CHA,SEA,6,1,641743,622491,F
823792,20260509,MIL,NYA,4,3,690986,693645,F
825089,20260509,ARI,NYN,2,1,518876,605280,F
823304,20260509,SDN,SLN,4,2,681190,669160,F
823224,20260509,SFN,PIT,3,13,694738,677952,F
823955,20260509,LAN,ATL,2,7,605483,675911,F
824766,20260717,BOS,TBA,,,687562,643377,F
823868,20260510,MIA,WAS,5,2,645261,676917,F
824845,20260510,BAL,ATH,2,1,669211,622663,F
824765,20260510,BOS,TBA,1,4,801139,607259,F
823463,20260510,PHI,COL,6,0,650911,608372,F
822819,20260510,TOR,ANA,1,6,693686,667755,F
824520,20260510,CIN,HOU,5,0,671096,678906,F
824440,20260510,CLE,MIN,4,5,668909,702193,F
824605,20260510,CHA,SEA,2,1,663436,669302,F
823793,20260510,MIL,NYA,4,3,701656,607074,F
822902,20260510,TEX,CHN,3,0,594798,592791,F
823221,20260510,SFN,PIT,7,6,641816,696149,F
825085,20260510,ARI,NYN,5,1,593958,623211,F
823305,20260510,SDN,SLN,3,2,621111,681517,F
823954,20260510,LAN,ATL,2,7,680736,693821,F
824113,20260510,KCA,DET,3,6,702070,669724,F
824441,20260511,CLE,ANA,7,2,676282,608718,F
824844,20260511,BAL,NYA,3,2,687064,677960,F
822818,20260511,TOR,TBA,5,8,592332,656876,F
822901,20260511,TEX,ARI,0,1,596001,647336,F
824199,20260511,HOU,SEA,1,3,663567,669923,F
823953,20260511,LAN,SFN,3,9,808963,686790,F
824442,20260512,CLE,ANA,3,2,677944,700712,F
824843,20260512,BAL,NYA,2,6,669432,701542,F
824521,20260512,CIN,WAS,4,10,663903,571945,F
823385,20260512,PIT,COL,3,1,694973,547179,F
824764,20260512,BOS,PHI,1,2,663558,554430,F
822817,20260512,TOR,TBA,6,7,571578,663556,F
823632,20260512,NYN,DET,10,2,642547,656427,F
824927,20260512,ATL,CHN,5,2,656550,607067,F
824604,20260512,CHA,KCA,6,5,607200,663568,F
823712,20260512,MIN,MIA,3,0,641927,691587,F
823790,20260512,MIL,SDN,6,4,687075,699134,F
822903,20260512,TEX,ARI,7,4,669022,668678,F
824197,20260512,HOU,SEA,2,10,837227,693433,F
825011,20260512,ATH,SLN,4,6,605488,669467,F
823951,20260512,LAN,SFN,2,6,808967,605288,F
824841,20260513,BAL,NYA,7,0,680694,608331,F
824438,20260513,CLE,ANA,4,2,800048,672282,F
824519,20260513,CIN,WAS,7,8,666157,663623,F
823386,20260513,PIT,COL,4,10,656605,500779,F
824763,20260513,BOS,PHI,3,1,543243,691725,F
822815,20260513,TOR,TBA,5,3,656302,643377,F
823631,20260513,NYN,DET,3,2,681035,664285,F
824928,20260513,ATL,CHN,4,1,702275,684007,F
824603,20260513,CHA,KCA,6,5,702273,607625,F
823710,20260513,MIN,MIA,5,9,680573,676974,F
823791,20260513,MIL,SDN,1,3,694819,650633,F
822900,20260513,TEX,ARI,6,5,677958,669194,F
824195,20260513,HOU,SEA,4,3,621121,682243,F
825010,20260513,ATH,SLN,6,2,669372,669461,F
823952,20260513,LAN,SFN,4,0,660271,592662,F
823383,20260514,PIT,COL,7,2,682254,801403,F
824517,20260514,CIN,WAS,15,1,695505,656492,F
823630,20260514,NYN,DET,9,4,690997,672456,F
823709,20260514,MIN,MIA,9,1,805673,666129,F
823789,20260514,MIL,SDN,7,1,690986,656288,F
824196,20260514,HOU,SEA,3,8,681347,622491,F
825008,20260514,ATH,SLN,4,5,682052,700241,F
824762,20260514,BOS,PHI,1,3,624133,666200,F
824926,20260514,ATL,CHN,0,2,519242,676962,F
824602,20260514,CHA,KCA,6,2,641743,663460,F
823950,20260514,LAN,SFN,5,2,686218,694738,F
823384,20260515,PIT,PHI,9,11,677952,605400,F
822739,20260515,WAS,BAL,3,2,641793,669358,F
824280,20260515,DET,TOR,3,2,669724,702056,F
824439,20260515,CLE,CIN,6,7,676440,671096,F
822983,20260515,TBA,MIA,7,2,693855,676083,F
823707,20260515,MIN,MIL,2,3,657746,689441,F
824925,20260515,ATL,BOS,3,2,675911,813349,F
823629,20260515,NYN,NYA,2,5,605280,693645,F
824601,20260515,CHA,CHN,5,10,680732,665795,F
824194,20260515,HOU,TEX,2,0,681293,683004,F
823061,20260515,SLN,KCA,5,4,669160,608379,F
824360,20260515,COL,ARI,1,9,607536,518876,F
824037,20260515,ANA,LAN,0,6,686799,694361,F
823140,20260515,SEA,SDN,0,2,676106,681190,F
825009,20260515,ATH,SFN,5,2,650644,641816,F
824278,20260516,DET,TOR,1,2,663554,689254,F
823060,20260516,SLN,KCA,4,2,681517,702070,F
824359,20260516,COL,ARI,4,2,608372,593958,F
822737,20260516,WAS,BAL,13,3,676917,605135,F
823382,20260516,PIT,PHI,0,6,696149,650911,F
822981,20260516,TBA,MIA,5,10,607259,645261,F
824435,20260516,CLE,CIN,7,4,676282,663978,F
824193,20260516,HOU,TEX,4,1,678906,594798,F
824600,20260516,CHA,CHN,8,3,663436,592791,F
823706,20260516,MIN,MIL,1,2,687570,701656,F
823139,20260516,SEA,SDN,4,7,669302,621111,F
824924,20260516,ATL,BOS,2,3,693821,801139,F
823627,20260516,NYN,NYA,6,3,623211,607074,F
824038,20260516,ANA,LAN,2,15,667755,680736,F
825007,20260516,ATH,SFN,4,6,622663,686790,F
822982,20260517,TBA,MIA,6,3,656876,691587,F
822738,20260517,WAS,BAL,3,7,663992,687064,F
823381,20260517,PIT,PHI,0,6,694973,554430,F
824923,20260517,ATL,BOS,8,1,656550,678394,F
824436,20260517,CLE,CIN,10,3,668909,663903,F
824279,20260517,DET,TOR,1,4,656427,592332,F
823628,20260517,NYN,NYA,7,6,642547,695684,F
824192,20260517,HOU,TEX,0,8,663567,543135,F
824599,20260517,CHA,CHN,9,8,607200,607067,F
823708,20260517,MIN,MIL,5,4,641927,688107,F
823058,20260517,SLN,KCA,0,2,669467,663568,F
824358,20260517,COL,ARI,6,8,547179,647336,F
825006,20260517,ATH,SFN,1,10,605488,605288,F
824034,20260517,ANA,LAN,1,10,680570,808963,F
823138,20260517,SEA,SDN,3,8,669923,608337,F
824277,20260518,DET,CLE,2,8,664285,677944,F
822980,20260518,TBA,BAL,16,6,663556,669432,F
823465,20260518,PHI,CIN,5,4,691725,666157,F
823867,20260518,MIA,ATL,12,0,676974,702275,F
822734,20260518,WAS,NYN,7,16,663623,681035,F
823549,20260518,NYA,TOR,7,6,677960,571578,F
824114,20260518,KCA,BOS,1,3,607625,543243,F
823705,20260518,MIN,HOU,6,3,696070,837227,F
824680,20260518,CHN,MIL,3,9,684007,687075,F
824357,20260518,COL,TEX,7,6,500779,669022,F
824035,20260518,ANA,ATH,2,1,700712,669372,F
823301,20260518,SDN,LAN,1,0,650633,808967,F
825087,20260518,ARI,SFN,12,2,668678,592662,F
823137,20260518,SEA,CHA,6,1,693433,702273,F
823865,20260519,MIA,ATL,4,8,666129,527048,F
824276,20260519,DET,CLE,3,4,672456,800048,F
822979,20260519,TBA,BAL,4,1,643377,680694,F
823464,20260519,PHI,CIN,1,4,666200,695505,F
822736,20260519,WAS,NYN,9,6,656492,690997,F
823548,20260519,NYA,TOR,5,4,701542,656302,F
824112,20260519,KCA,BOS,1,7,663559,624133,F
823704,20260519,MIN,HOU,1,2,805673,669920,F
824677,20260519,CHN,MIL,2,5,676962,694819,F
823059,20260519,SLN,PIT,9,6,669461,656605,F
824356,20260519,COL,TEX,0,10,671111,641302,F
824033,20260519,ANA,ATH,6,14,672282,682052,F
823302,20260519,SDN,LAN,4,5,656288,686218,F
825086,20260519,ARI,SFN,5,3,669194,694738,F
823136,20260519,SEA,CHA,1,2,682243,641743,F
823462,20260520,PHI,CIN,4,9,605400,671096,F
822977,20260520,TBA,BAL,5,3,571927,669358,F
823703,20260520,MIN,HOU,4,1,657746,681347,F
824355,20260520,COL,TEX,4,5,607536,683004,F
825084,20260520,ARI,SFN,6,3,518876,641816,F
823134,20260520,SEA,CHA,5,4,676106,680732,F
824273,20260520,DET,CLE,2,3,623454,676440,F
823866,20260520,MIA,ATL,1,9,676083,519242,F
822735,20260520,WAS,NYN,8,4,641793,804267,F
823547,20260520,NYA,TOR,1,2,693645,702056,F
824111,20260520,KCA,BOS,3,4,608379,813349,F
824678,20260520,CHN,MIL,0,5,665795,690986,F
823057,20260520,SLN,PIT,0,7,700241,669387,F
823299,20260520,SDN,LAN,0,4,681190,660271,F
824032,20260520,ANA,ATH,5,6,686799,650644,F
824274,20260521,DET,CLE,1,3,663554,676282,F
823056,20260521,SLN,PIT,2,6,669160,677952,F
822733,20260521,WAS,NYN,1,2,676917,656849,F
823864,20260521,MIA,ATL,3,9,645261,675911,F
823545,20260521,NYA,TOR,0,2,607074,680755,F
824031,20260521,ANA,ATH,2,3,667755,622663,F
825083,20260521,ARI,COL,2,1,593958,688642,F
824679,20260522,CHN,HOU,2,4,592791,681293,F
823461,20260522,PHI,CLE,0,1,650911,668909,F
823546,20260522,NYA,TBA,2,4,543037,607259,F
822816,20260522,TOR,PIT,6,2,592332,696149,F
824761,20260522,BOS,MIN,6,8,801139,687570,F
823863,20260522,MIA,NYN,2,1,691587,668964,F
824842,20260522,BAL,DET,7,4,669211,656427,F
824922,20260522,ATL,WAS,5,4,693821,663992,F
824110,20260522,KCA,SEA,0,2,702070,669302,F
823788,20260522,MIL,LAN,5,1,701656,680736,F
824029,20260522,ANA,TEX,9,6,680570,594798,F
825082,20260522,ARI,COL,2,3,647336,608372,F
823298,20260522,SDN,ATH,7,3,621111,605488,F
823223,20260522,SFN,CHA,4,9,686790,663436,F
824518,20260523,CIN,SLN,,,663978,669467,F
824518,20260523,CIN,SLN,1,8,663978,669467,F
824516,20260523,CIN,SLN,7,6,695534,681517,F
824674,20260523,CHN,HOU,0,3,607067,678906,F
822814,20260523,TOR,PIT,5,2,571578,694973,F
823458,20260523,PHI,CLE,3,0,554430,677944,F
823222,20260523,SFN,CHA,10,3,605288,663542,F
824109,20260523,KCA,SEA,5,0,663568,669923,F
824760,20260523,BOS,MIN,2,4,663558,671737,F
824920,20260523,ATL,WAS,0,2,656550,663623,F
823862,20260523,MIA,NYN,4,1,676974,642547,F
823787,20260523,MIL,LAN,3,11,688107,808963,F
823300,20260523,SDN,ATH,2,0,608337,669372,F
824030,20260523,ANA,TEX,5,2,700712,543135,F
825080,20260523,ARI,COL,5,4,668678,547179,F
823543,20260922,NYA,TBA,,,,,F
824840,20260524,BAL,DET,,,669432,675512,F
822813,20260524,TOR,PIT,1,4,656302,656605,F
824839,20260524,BAL,DET,5,3,687064,664285,F
824840,20260524,BAL,DET,1,4,669432,675512,F
824759,20260524,BOS,MIN,5,6,543243,641927,F
823459,20260524,PHI,CLE,1,3,691725,800048,F
823544,20260524,NYA,TBA,2,0,677960,656876,F
823861,20260524,MIA,NYN,4,0,663969,681035,F
824108,20260524,KCA,SEA,8,6,607625,693433,F
823786,20260524,MIL,LAN,1,5,687075,808967,F
824676,20260524,CHN,HOU,5,8,684007,663567,F
823220,20260524,SFN,CHA,8,5,592662,702273,F
825081,20260524,ARI,COL,9,1,669194,500779,F
823297,20260524,SDN,ATH,2,5,650633,665622,F
824921,20260524,ATL,WAS,1,2,527048,656492,F
824028,20260524,ANA,TEX,2,1,672282,669022,F
824514,20260817,CIN,SLN,,,,,F
823380,20260525,PIT,CHN,2,1,669387,676962,F
824838,20260525,BAL,TBA,9,7,680694,663556,F
824598,20260525,CHA,MIN,3,1,641743,805673,F
823784,20260525,MIL,SLN,5,1,694819,669461,F
824107,20260525,KCA,NYA,3,4,608379,701542,F
823625,20260525,NYN,CIN,2,7,690997,666157,F
823219,20260525,SFN,ARI,2,6,694738,518876,F
824437,20260525,CLE,WAS,2,10,676440,676571,F
823296,20260525,SDN,PHI,0,3,656288,666200,F
822899,20260525,TEX,HOU,0,9,677958,837227,F
822812,20260525,TOR,MIA,2,8,702056,676083,F
823948,20260525,LAN,COL,5,3,686218,685299,F
825005,20260525,ATH,SEA,2,9,650644,622491,F
824434,20260526,CLE,WAS,3,6,676282,676917,F
824837,20260526,BAL,TBA,6,1,669358,643377,F
824275,20260526,DET,ANA,6,10,672456,686799,F
823379,20260526,PIT,CHN,12,1,677952,696136,F
824758,20260526,BOS,ATL,6,7,624133,675911,F
822811,20260526,TOR,MIA,8,1,680755,645261,F
823624,20260526,NYN,CIN,2,7,656849,695505,F
824597,20260526,CHA,MIN,3,5,680732,657746,F
824106,20260526,KCA,NYA,1,15,663559,693645,F
823785,20260526,MIL,SLN,6,0,690986,700241,F
822898,20260526,TEX,HOU,10,7,683004,669920,F
825004,20260526,ATH,SEA,1,4,695611,676106,F
823294,20260526,SDN,PHI,3,4,681190,605400,F
823216,20260526,SFN,ARI,5,7,641816,593958,F
823949,20260526,LAN,COL,15,6,641778,607536,F
822809,20260527,TOR,MIA,2,1,592332,691587,F
824432,20260527,CLE,WAS,3,2,668909,676571,F
823783,20260527,MIL,SLN,2,1,694477,669160,F
825003,20260527,ATH,SEA,1,9,605488,669302,F
823217,20260527,SFN,ARI,2,3,686790,647336,F
823295,20260527,SDN,PHI,0,3,621111,650911,F
824836,20260527,BAL,TBA,11,2,694346,571927,F
824270,20260527,DET,ANA,4,0,663554,667755,F
823376,20260527,PIT,CHN,4,10,696149,592791,F
824756,20260527,BOS,ATL,8,0,813349,693821,F
823626,20260527,NYN,CIN,4,2,623211,671096,F
824596,20260527,CHA,MIN,15,2,689818,687570,F
824104,20260527,KCA,NYA,0,7,702070,543037,F
822897,20260527,TEX,HOU,3,4,594798,681347,F
823947,20260527,LAN,COL,4,1,660271,608372,F
824272,20260528,DET,ANA,1,7,656427,680570,F
824595,20260528,CHA,MIN,6,2,663436,680573,F
824757,20260528,BOS,ATL,2,10,801139,519242,F
824834,20260528,BAL,TOR,1,2,605135,571578,F
823378,20260528,PIT,CHN,2,7,694973,607067,F
822896,20260528,TEX,HOU,1,5,543135,681293,F
824515,20260529,CIN,ATL,3,8,663978,656550,F
822732,20260529,WAS,SDN,5,7,687606,608337,F
823377,20260529,PIT,MIN,6,5,683003,671737,F
824835,20260529,BAL,TOR,5,6,669432,671936,F
824433,20260529,CLE,BOS,4,3,677944,701719,F
822978,20260529,TBA,ANA,8,5,607259,700712,F
823623,20260529,NYN,MIA,9,7,642547,676974,F
823055,20260529,SLN,CHN,6,5,669467,684007,F
824594,20260529,CHA,DET,4,3,685126,675512,F
822894,20260529,TEX,KCA,9,1,669022,663568,F
824191,20260529,HOU,MIL,4,5,678906,689441,F
824353,20260529,COL,SFN,8,6,547179,657277,F
825002,20260529,ATH,NYA,2,8,622663,607074,F
823135,20260529,SEA,ARI,7,6,669923,668678,F
823946,20260529,LAN,PHI,4,2,680736,554430,F
824593,20260530,CHA,DET,7,1,641743,664285,F
822731,20260530,WAS,SDN,9,4,656492,650633,F
822893,20260530,TEX,KCA,7,6,677958,607625,F
824833,20260530,BAL,TOR,6,5,687064,702056,F
823375,20260530,PIT,MIN,10,9,656605,641927,F
824431,20260530,CLE,BOS,1,9,800048,543243,F
822975,20260530,TBA,ANA,3,14,656876,672282,F
823622,20260530,NYN,MIA,6,1,681035,663969,F
824190,20260530,HOU,MIL,9,2,663567,687075,F
823054,20260530,SLN,CHN,1,6,681517,676962,F
824513,20260530,CIN,ATL,2,5,663903,527048,F
824352,20260530,COL,SFN,8,3,663372,605288,F
825000,20260530,ATH,NYA,6,4,669372,677960,F
823132,20260530,SEA,ARI,5,1,693433,669194,F
823945,20260530,LAN,PHI,3,4,808963,666200,F
824832,20260531,BAL,TOR,9,5,680694,693686,F
822729,20260531,WAS,SDN,4,2,641793,656288,F
823373,20260531,PIT,MIN,9,3,677952,805673,F
824430,20260531,CLE,BOS,4,9,676440,624133,F
822976,20260531,TBA,ANA,5,2,663556,686799,F
824512,20260531,CIN,ATL,6,4,666157,675911,F
823621,20260531,NYN,MIA,10,1,690997,667463,F
824592,20260531,CHA,DET,2,1,680732,672456,F
824187,20260531,HOU,MIL,0,2,837227,694819,F
822895,20260531,TEX,KCA,6,3,683004,608379,F
824354,20260531,COL,SFN,6,19,685299,592662,F
825001,20260531,ATH,NYA,8,13,682052,701542,F
823133,20260531,SEA,ARI,3,2,682243,518876,F
823944,20260531,LAN,PHI,9,1,808967,691725,F
823053,20260531,SLN,CHN,5,1,669461,696136,F
822974,20260601,TBA,DET,9,10,643377,680744,F
822730,20260601,WAS,MIA,3,7,676917,645261,F
824510,20260601,CIN,KCA,2,9,680689,679883,F
823702,20260601,MIN,CHA,9,6,657746,689818,F
823781,20260601,MIL,SFN,16,2,675660,694738,F
823050,20260601,SLN,TEX,1,2,700241,594798,F
824027,20260601,ANA,COL,8,9,667755,607536,F
825078,20260601,ARI,LAN,4,1,593958,686218,F
823131,20260601,SEA,NYN,3,2,676106,681810,F
822971,20260602,TBA,DET,0,8,571927,656427,F
823460,20260602,PHI,SDN,3,2,605400,681190,F
824754,20260602,BOS,BAL,2,4,813349,669358,F
822728,20260602,WAS,MIA,3,7,663992,669199,F
823541,20260602,NYA,CLE,4,9,693645,676282,F
824511,20260602,CIN,KCA,4,3,671096,702070,F
824918,20260602,ATL,TOR,4,3,693821,592332,F
823700,20260602,MIN,CHA,6,4,687570,663436,F
823782,20260602,MIL,SFN,8,3,690986,686790,F
823052,20260602,SLN,TEX,4,7,669160,543135,F
824675,20260602,CHN,ATH,1,2,592791,695611,F
824189,20260602,HOU,PIT,6,10,681347,696149,F
824026,20260602,ANA,COL,2,8,680570,608372,F
825079,20260602,ARI,LAN,5,6,647336,641778,F
823129,20260602,SEA,NYN,8,3,669302,623211,F
822727,20260603,WAS,MIA,1,4,674841,676974,F
822973,20260603,TBA,DET,2,7,607259,675512,F
823701,20260603,MIN,CHA,0,8,671737,607200,F
823130,20260603,SEA,NYN,1,7,669923,642547,F
823456,20260603,PHI,SDN,3,2,650911,621111,F
824755,20260603,BOS,BAL,8,1,801139,605135,F
823540,20260603,NYA,CLE,4,5,543037,668909,F
824509,20260603,CIN,KCA,2,5,695505,663568,F
824917,20260603,ATL,TOR,7,3,656550,571578,F
823780,20260603,MIL,SFN,0,1,688107,657277,F
823051,20260603,SLN,TEX,5,3,669467,669022,F
824671,20260603,CHN,ATH,4,5,607067,605488,F
824188,20260603,HOU,PIT,11,9,681293,694973,F
824024,20260603,ANA,COL,11,4,700712,547179,F
825077,20260603,ARI,LAN,0,7,668678,660271,F
823457,20260604,PHI,SDN,6,4,554430,608337,F
824753,20260604,BOS,BAL,2,8,678394,669432,F
823542,20260604,NYA,CLE,2,1,607074,677944,F
823779,20260604,MIL,SFN,9,12,689441,605288,F
824919,20260604,ATL,TOR,2,7,519242,689254,F
823698,20260604,MIN,KCA,6,8,702193,607625,F
824672,20260604,CHN,ATH,7,6,684007,669372,F
824185,20260604,HOU,PIT,1,5,678906,683003,F
825076,20260604,ARI,LAN,3,2,669194,680736,F
824673,20260605,CHN,SFN,3,18,665795,592662,F
824271,20260605,DET,SEA,7,3,664285,693433,F
823455,20260605,PHI,CHA,8,6,666200,641743,F
823538,20260605,NYA,BOS,3,5,677960,543243,F
822810,20260605,TOR,BAL,3,13,702056,687064,F
823860,20260605,MIA,TBA,0,6,687473,656876,F
824914,20260605,ATL,PIT,6,3,527048,656605,F
824186,20260605,HOU,ATH,5,1,663567,678022,F
823049,20260605,SLN,CIN,10,3,681517,663903,F
822892,20260605,TEX,CLE,3,2,677958,800048,F
823699,20260605,MIN,KCA,5,3,805673,608379,F
824350,20260605,COL,MIL,7,9,663372,687075,F
825073,20260605,ARI,WAS,1,14,518876,656492,F
823293,20260605,SDN,NYN,0,5,650633,681035,F
823943,20260605,LAN,ANA,1,0,808963,672282,F
824269,20260606,DET,SEA,0,4,672456,682243,F
823697,20260606,MIN,KCA,2,3,657746,679883,F
823048,20260606,SLN,CIN,6,5,669461,666157,F
824669,20260606,CHN,SFN,3,2,676962,694738,F
822808,20260606,TOR,BAL,6,4,680755,680694,F
823454,20260606,PHI,CHA,3,6,691725,685126,F
825075,20260606,ARI,WAS,1,6,593958,641793,F
824184,20260606,HOU,ATH,13,2,837227,695034,F
824915,20260606,ATL,PIT,6,3,675911,677952,F
823859,20260606,MIA,TBA,4,3,669199,663556,F
822891,20260606,TEX,CLE,0,6,683004,676440,F
824351,20260606,COL,MIL,1,7,688642,694819,F
823942,20260606,LAN,ANA,9,2,808967,686799,F
823292,20260606,SDN,NYN,3,2,656288,690997,F
823539,20260829,NYA,BOS,,,,,F
824916,20260607,ATL,PIT,3,2,693821,682254,F
823453,20260607,PHI,CHA,9,5,605400,656457,F
823537,20260607,NYA,BOS,6,1,693645,624133,F
822807,20260607,TOR,BAL,6,4,592332,669358,F
824268,20260607,DET,SEA,5,4,656427,622491,F
823857,20260607,MIA,TBA,4,1,645261,643377,F
824183,20260607,HOU,ATH,0,5,681347,695611,F
823696,20260607,MIN,KCA,5,6,687570,702070,F
823047,20260607,SLN,CIN,5,3,700241,695076,F
822890,20260607,TEX,CLE,10,0,594798,676282,F
824349,20260607,COL,MIL,4,12,607536,675660,F
825074,20260607,ARI,WAS,5,1,647336,676917,F
823941,20260607,LAN,ANA,5,13,686218,667755,F
823291,20260607,SDN,NYN,3,7,681190,623211,F
824670,20260607,CHN,SFN,1,2,592791,686790,F
824829,20260608,BAL,SEA,3,6,694346,676106,F
822972,20260608,TBA,BOS,3,1,693855,813349,F
824427,20260608,CLE,NYA,5,7,668909,701542,F
822806,20260608,TOR,PHI,2,5,571578,650911,F
824025,20260608,ANA,HOU,4,5,680570,681293,F
823289,20260608,SDN,CIN,6,2,621111,671096,F
823218,20260608,SFN,WAS,3,4,657277,663992,F
824998,20260608,ATH,MIL,14,15,605488,690986,F
824830,20260609,BAL,SEA,5,6,669432,669302,F
823374,20260609,PIT,LAN,3,12,694973,641778,F
822969,20260609,TBA,BOS,4,3,607259,801139,F
824267,20260609,DET,MIN,10,4,675512,671737,F
823858,20260609,MIA,ARI,10,6,676974,668678,F
824429,20260609,CLE,NYA,2,3,677944,543037,F
822805,20260609,TOR,PHI,3,2,656302,554430,F
823620,20260609,NYN,SLN,0,7,642547,669160,F
824105,20260609,KCA,TEX,5,3,663568,543135,F
824591,20260609,CHA,ATL,6,5,685126,656550,F
824347,20260609,COL,CHN,7,3,608372,607067,F
824023,20260609,ANA,HOU,10,1,700712,678906,F
823290,20260609,SDN,CIN,3,5,608337,695505,F
823214,20260609,SFN,WAS,3,6,605288,674841,F
824999,20260609,ATH,MIL,7,5,669372,688107,F
822970,20260610,TBA,BOS,7,5,656876,687562,F
824428,20260610,CLE,NYA,4,8,800048,607074,F
823215,20260610,SFN,WAS,11,10,592662,656492,F
823287,20260610,SDN,CIN,5,4,650633,663903,F
824831,20260610,BAL,SEA,7,2,687064,669923,F
823372,20260610,PIT,LAN,9,8,683003,660271,F
824266,20260610,DET,MIN,4,6,664285,702474,F
823856,20260610,MIA,ARI,8,0,687473,669194,F
822804,20260610,TOR,PHI,4,7,453286,666200,F
823618,20260610,NYN,SLN,2,9,681810,669467,F
824103,20260610,KCA,TEX,4,6,607625,669022,F
824590,20260610,CHA,ATL,2,1,663436,519242,F
824348,20260610,COL,CHN,3,2,547179,684007,F
824996,20260610,ATH,MIL,4,3,678022,687075,F
824022,20260610,ANA,HOU,3,2,672282,663567,F
823619,20260611,NYN,SLN,5,4,681035,690928,F
824265,20260611,DET,MIN,11,0,672456,805673,F
823855,20260611,MIA,ARI,2,0,663969,518876,F
824101,20260611,KCA,TEX,2,4,608379,677958,F
824346,20260611,COL,CHN,3,9,663372,665795,F
823371,20260611,PIT,LAN,6,8,656605,680736,F
824827,20260611,BAL,SEA,7,5,680694,693433,F
824589,20260820,CHA,ATL,,,,,F
823370,20260612,PIT,MIA,3,8,677952,645261,F
822726,20260612,WAS,SEA,2,10,641793,682243,F
824826,20260612,BAL,SDN,7,3,669358,656288,F
824425,20260612,CLE,DET,3,2,676440,656427,F
824752,20260612,BOS,TEX,10,1,543243,683004,F
824507,20260612,CIN,ARI,2,5,666157,593958,F
823617,20260612,NYN,ATL,7,5,690997,675911,F
822803,20260612,TOR,NYA,8,5,702056,677960,F
824588,20260612,CHA,LAN,8,2,641743,808963,F
823778,20260612,MIL,PHI,6,0,694819,621383,F
824102,20260612,KCA,HOU,8,10,679883,837227,F
823695,20260612,MIN,SLN,9,8,657746,681517,F
824020,20260612,ANA,TBA,4,3,691951,663556,F
824997,20260612,ATH,COL,6,4,695611,807743,F
823211,20260612,SFN,CHN,1,5,694738,665871,F
823694,20260613,MIN,SLN,6,9,687570,669461,F
822802,20260613,TOR,NYA,1,3,592332,693645,F
824828,20260613,BAL,SDN,3,9,694346,681190,F
822725,20260613,WAS,SEA,8,3,676917,622491,F
823369,20260613,PIT,MIA,3,2,696149,669199,F
824508,20260613,CIN,ARI,2,1,695076,647336,F
824426,20260613,CLE,DET,3,1,676282,669373,F
824749,20260613,BOS,TEX,6,3,624133,594798,F
823616,20260613,NYN,ATL,1,3,640455,527048,F
824587,20260613,CHA,LAN,1,7,680732,808967,F
824100,20260613,KCA,HOU,7,8,702070,681347,F
823776,20260613,MIL,PHI,8,9,675660,605400,F
824995,20260613,ATH,COL,7,5,683155,607536,F
823213,20260613,SFN,CHN,1,6,686790,676962,F
824019,20260613,ANA,TBA,8,0,667755,643377,F
823368,20260614,PIT,MIA,2,4,694973,676974,F
824823,20260614,BAL,SDN,2,5,669432,621111,F
822722,20260614,WAS,SEA,10,1,676571,676106,F
822801,20260614,TOR,NYA,3,8,571578,701542,F
824506,20260614,CIN,ARI,3,5,671096,668678,F
823615,20260614,NYN,ATL,8,1,642547,693821,F
824099,20260614,KCA,HOU,4,0,663568,681293,F
823693,20260614,MIN,SLN,5,4,671737,700241,F
824586,20260614,CHA,LAN,6,4,663542,686218,F
823777,20260614,MIL,PHI,4,0,690986,650911,F
824994,20260614,ATH,COL,9,23,605488,608372,F
823212,20260614,SFN,CHN,5,1,657277,669020,F
824021,20260614,ANA,TBA,3,8,680570,668984,F
824751,20260614,BOS,TEX,4,6,813349,543135,F
824424,20260904,CLE,DET,,,,,F
823452,20260615,PHI,MIA,7,0,554430,687473,F
822724,20260615,WAS,KCA,7,3,674841,687765,F
824505,20260615,CIN,NYN,12,0,695505,668964,F
823046,20260615,SLN,SDN,3,0,669160,593974,F
824666,20260615,CHN,COL,5,4,684007,547179,F
822887,20260615,TEX,MIN,2,4,669022,702474,F
824181,20260615,HOU,DET,3,9,678906,623454,F
825071,20260615,ARI,ANA,4,3,669194,700712,F
824993,20260615,ATH,PIT,11,2,669372,683003,F
823938,20260615,LAN,TBA,4,3,641778,607259,F
823451,20260616,PHI,MIA,8,2,666200,663969,F
822723,20260616,WAS,KCA,6,4,656492,608379,F
824750,20260616,BOS,TOR,1,6,801139,656302,F
823535,20260616,NYA,CHA,12,2,543037,663436,F
824504,20260616,CIN,NYN,5,3,663903,673540,F
824912,20260616,ATL,SFN,2,7,656550,605288,F
823775,20260616,MIL,CLE,2,1,688107,677944,F
823045,20260616,SLN,SDN,3,2,669467,650633,F
824667,20260616,CHN,COL,2,5,665795,663372,F
822888,20260616,TEX,MIN,2,12,677958,805673,F
824182,20260616,HOU,DET,4,2,686613,664285,F
825070,20260616,ARI,ANA,0,7,518876,672282,F
824991,20260616,ATH,PIT,5,6,678022,656605,F
823128,20260616,SEA,BAL,3,1,669302,687064,F
823939,20260616,LAN,TBA,1,0,680736,656876,F
824503,20260617,CIN,NYN,1,9,666157,690997,F
822721,20260617,WAS,KCA,2,6,641793,679883,F
823450,20260617,PHI,MIA,4,12,691725,645261,F
824912,20260616,ATL,SFN,2,7,656550,605288,F
824178,20260617,HOU,DET,4,2,663567,663554,F
823044,20260617,SLN,SDN,1,6,681517,699134,F
823940,20260617,LAN,TBA,5,4,660271,663556,F
825072,20260617,ARI,ANA,8,1,593958,691951,F
824746,20260617,BOS,TOR,0,3,687562,680755,F
823536,20260617,NYA,CHA,10,5,607074,641743,F
824913,20260617,ATL,SFN,5,7,702275,687931,F
823774,20260617,MIL,CLE,9,4,687075,668909,F
824668,20260617,CHN,COL,8,6,665871,807743,F
824992,20260617,ATH,PIT,4,12,650644,677952,F
823127,20260617,SEA,BAL,3,5,669923,680694,F
824748,20260618,BOS,TOR,3,4,543243,702056,F
823772,20260618,MIL,CLE,2,4,675660,800048,F
822889,20260618,TEX,MIN,3,9,683004,657746,F
823125,20260618,SEA,BAL,3,0,693433,669358,F
823448,20260618,PHI,NYN,4,6,605400,640455,F
823533,20260618,NYA,CHA,1,5,677960,663542,F
824098,20260618,KCA,SLN,14,6,702070,669461,F
824989,20260618,ATH,ANA,5,0,695611,696270,F
824911,20260831,ATL,SFN,,,,,F
824663,20260619,CHN,TOR,16,2,676962,592332,F
824264,20260619,DET,CHA,4,3,669373,685126,F
823534,20260619,NYA,CIN,5,0,693645,695076,F
822966,20260619,TBA,WAS,5,2,643377,676571,F
823853,20260619,MIA,SFN,4,3,669199,694738,F
824910,20260619,ATL,MIL,3,2,527048,694819,F
822886,20260619,TEX,SDN,9,7,594798,681190,F
824179,20260619,HOU,CLE,9,3,837227,676440,F
824097,20260619,KCA,SLN,6,5,607625,700241,F
824345,20260619,COL,PIT,4,3,607536,696149,F
824990,20260619,ATH,ANA,12,11,605488,667755,F
825069,20260619,ARI,MIN,9,5,647336,687570,F
823936,20260619,LAN,BAL,6,5,808963,694346,F
823124,20260619,SEA,BOS,2,6,682243,624133,F
824263,20260620,DET,CHA,4,1,675512,656794,F
823532,20260620,NYA,CIN,2,10,701542,671096,F
824665,20260620,CHN,TOR,6,8,607067,571578,F
822885,20260620,TEX,SDN,4,6,669022,621111,F
822967,20260620,TBA,WAS,3,4,693855,676917,F
823854,20260620,MIA,SFN,6,3,676974,686790,F
824909,20260620,ATL,MIL,4,3,519242,690986,F
824180,20260620,HOU,CLE,1,8,681293,676282,F
823447,20260620,PHI,NYN,15,3,650911,642547,F
824342,20260620,COL,PIT,2,1,608372,694973,F
824988,20260620,ATH,ANA,0,7,669372,700712,F
823937,20260620,LAN,BAL,2,3,808967,669432,F
823126,20260620,SEA,BOS,1,5,676106,813349,F
825068,20260620,ARI,MIN,8,16,668678,671737,F
823531,20260621,NYA,CIN,1,4,695684,695505,F
824908,20260621,ATL,MIL,4,9,693821,688107,F
822968,20260621,TBA,WAS,4,3,607259,674841,F
824260,20260621,DET,CHA,5,4,672456,663436,F
823852,20260621,MIA,SFN,2,1,687473,657277,F
824177,20260621,HOU,CLE,2,1,678906,677944,F
824095,20260621,KCA,SLN,10,12,663568,669160,F
822883,20260621,TEX,SDN,4,3,543135,593974,F
824343,20260621,COL,PIT,6,8,547179,683003,F
825067,20260621,ARI,MIN,2,4,703615,702474,F
824987,20260621,ATH,ANA,7,9,678022,672282,F
823934,20260621,LAN,BAL,1,12,686218,687064,F
823123,20260621,SEA,BOS,3,1,669302,801139,F
823449,20260621,PHI,NYN,6,2,554430,656849,F
824664,20260806,CHN,TOR,,,,,F
824261,20260622,DET,NYA,5,3,664285,543037,F
822964,20260622,TBA,KCA,1,2,656876,608379,F
823851,20260622,MIA,TEX,3,4,663969,641302,F
822720,20260622,WAS,PHI,4,1,656492,641835,F
822800,20260622,TOR,HOU,4,2,656302,686613,F
824502,20260622,CIN,MIL,1,2,663903,605540,F
823692,20260622,MIN,LAN,1,2,805673,694361,F
824585,20260622,CHA,CLE,6,5,641743,668909,F
823040,20260622,SLN,ARI,3,2,669467,518876,F
824344,20260622,COL,BOS,3,2,663372,687562,F
824016,20260622,ANA,BAL,1,6,691951,680694,F
823288,20260622,SDN,ATL,1,0,650633,656550,F
823613,20260624,NYN,CHN,,,690997,665871,F
822799,20260623,TOR,HOU,7,9,669456,663567,F
823365,20260623,PIT,SEA,2,3,656605,669923,F
822963,20260623,TBA,KCA,5,12,663556,679883,F
823849,20260623,MIA,TEX,6,4,645261,615698,F
824262,20260623,DET,NYA,3,4,663554,607074,F
822718,20260623,WAS,PHI,9,14,676571,666200,F
823614,20260623,NYN,CHN,6,9,673540,665795,F
824501,20260623,CIN,MIL,0,2,666157,687075,F
823690,20260623,MIN,LAN,3,12,696070,680736,F
824584,20260623,CHA,CLE,2,1,680732,800048,F
823043,20260623,SLN,ARI,3,4,681517,593958,F
824340,20260623,COL,BOS,2,5,807743,543243,F
824017,20260623,ANA,BAL,5,1,696270,669358,F
823286,20260623,SDN,ATL,7,6,593974,702275,F
823210,20260623,SFN,ATH,3,1,592662,650644,F
823850,20260624,MIA,TEX,4,2,691587,594798,F
823613,20260624,NYN,CHN,3,10,690997,665871,F
823611,20260624,NYN,CHN,5,10,640455,684007,F
824583,20260624,CHA,CLE,3,4,669684,676440,F
824341,20260624,COL,BOS,8,6,607536,624133,F
824018,20260624,ANA,BAL,7,6,667755,694346,F
823367,20260624,PIT,SEA,11,1,677952,693433,F
822965,20260624,TBA,KCA,5,3,643377,702070,F
824259,20260624,DET,NYA,2,4,669373,677960,F
822719,20260624,WAS,PHI,4,5,687223,605400,F
822798,20260624,TOR,HOU,1,3,702056,681347,F
824500,20260624,CIN,MIL,5,6,695076,675660,F
823691,20260624,MIN,LAN,3,4,657746,660271,F
823041,20260624,SLN,ARI,4,9,669461,683352,F
823284,20260624,SDN,ATL,5,2,676664,527048,F
823208,20260624,SFN,ATH,2,1,641816,695611,F
822961,20260625,TBA,KCA,13,2,668984,607625,F
823366,20260625,PIT,SEA,5,1,696149,682243,F
823209,20260625,SFN,ATH,6,9,694738,605488,F
824258,20260625,DET,HOU,1,2,675512,837227,F
822717,20260625,WAS,PHI,5,10,676917,650911,F
822797,20260625,TOR,TEX,5,6,592332,669022,F
823612,20260625,NYN,CHN,3,4,642547,571510,F
824747,20260625,BOS,NYA,6,3,813349,693645,F
823042,20260723,SLN,ARI,,,700241,694297,F
824255,20260626,DET,HOU,8,0,672456,681293,F
823363,20260626,PIT,CIN,4,6,694973,671096,F
824824,20260626,BAL,WAS,3,1,669432,674841,F
822796,20260626,TOR,TEX,4,5,571578,543135,F
824423,20260626,CLE,SEA,1,3,676282,622491,F
822962,20260626,TBA,ARI,6,1,607259,668678,F
823610,20260626,NYN,PHI,1,2,804267,554430,F
824743,20260626,BOS,NYA,6,1,801139,701542,F
824582,20260626,CHA,KCA,22,1,689818,674444,F
823773,20260626,MIL,CHN,6,2,694819,607067,F
823688,20260626,MIN,COL,9,8,671737,608372,F
823039,20260626,SLN,MIA,0,4,700241,676974,F
824014,20260626,ANA,ATH,3,9,700712,669372,F
823285,20260626,SDN,LAN,7,1,621111,808963,F
823206,20260626,SFN,ATL,1,3,686790,625643,F
824257,20260627,DET,HOU,6,8,664285,678906,F
824745,20260627,BOS,NYA,4,1,687562,543037,F
822794,20260627,TOR,TEX,4,7,656302,615698,F
823364,20260627,PIT,CIN,7,9,683003,695505,F
823609,20260627,NYN,PHI,6,2,681035,641835,F
824581,20260627,CHA,KCA,2,1,663436,608379,F
822960,20260627,TBA,ARI,4,2,642121,703615,F
824825,20260627,BAL,WAS,3,4,687064,656492,F
824421,20260627,CLE,SEA,4,3,677944,669302,F
823689,20260627,MIN,COL,5,8,702474,547179,F
823770,20260627,MIL,CHN,2,8,690986,656849,F
823038,20260627,SLN,MIA,1,5,669467,687473,F
823283,20260627,SDN,LAN,3,15,606996,808967,F
823207,20260627,SFN,ATL,5,0,657277,693821,F
824015,20260627,ANA,ATH,5,2,672282,678022,F
824821,20260628,BAL,WAS,4,6,680694,641793,F
823362,20260628,PIT,CIN,9,4,656605,663903,F
822795,20260628,TOR,TEX,2,3,669456,677958,F
824256,20260628,DET,HOU,5,7,656427,686613,F
824422,20260628,CLE,SEA,6,5,668909,676106,F
822959,20260628,TBA,ARI,5,1,656876,518876,F
823608,20260628,NYN,PHI,4,5,672335,666200,F
823686,20260628,MIN,COL,3,2,687570,663372,F
824580,20260628,CHA,KCA,4,5,641743,679883,F
823769,20260628,MIL,CHN,3,4,605540,669020,F
823037,20260628,SLN,MIA,2,1,681517,663969,F
824011,20260628,ANA,ATH,4,1,691951,650644,F
823204,20260628,SFN,ATL,3,2,592662,519242,F
823281,20260628,SDN,LAN,2,4,650633,686218,F
824744,20260628,BOS,NYA,5,4,543243,607074,F
824822,20260629,BAL,CHA,2,8,669358,680732,F
823444,20260629,PHI,PIT,7,11,605400,677952,F
823529,20260629,NYA,DET,3,7,677960,663554,F
822792,20260629,TOR,NYN,2,1,702056,640455,F
824741,20260629,BOS,WAS,6,3,624133,571945,F
824420,20260629,CLE,TEX,3,6,800048,641302,F
823771,20260629,MIL,CIN,5,3,688107,666157,F
824662,20260629,CHN,SDN,3,2,684007,656288,F
824176,20260629,HOU,MIN,4,5,663567,805673,F
824339,20260629,COL,MIA,7,10,807743,645261,F
824986,20260629,ATH,LAN,4,9,695611,641778,F
823121,20260629,SEA,ANA,6,2,669923,696270,F
825065,20260629,ARI,SFN,5,4,593958,641816,F
824819,20260630,BAL,CHA,3,9,694346,607200,F
824418,20260630,CLE,TEX,2,4,676440,594798,F
823445,20260630,PHI,PIT,8,0,650911,696149,F
823528,20260630,NYA,DET,3,9,693645,669373,F
822793,20260630,TOR,NYN,0,3,592332,690997,F
824742,20260630,BOS,WAS,1,8,813349,676917,F
824907,20260630,ATL,SLN,3,5,527048,669461,F
824096,20260630,KCA,TBA,4,10,702070,643377,F
823768,20260630,MIL,CIN,7,2,687075,695076,F
824661,20260630,CHN,SDN,9,7,571510,676664,F
824175,20260630,HOU,MIN,6,4,681347,657746,F
824338,20260630,COL,MIA,3,14,685299,691587,F
824984,20260630,ATH,LAN,3,9,605488,680736,F
823122,20260630,SEA,ANA,8,3,693433,667755,F
825066,20260630,ARI,SFN,8,2,694297,694738,F
824818,20260701,BAL,CHA,6,1,665152,702273,F
824419,20260701,CLE,TEX,9,4,676282,669022,F
824740,20260701,BOS,WAS,2,10,801139,695418,F
823530,20260701,NYA,DET,2,6,701542,675512,F
824660,20260701,CHN,SDN,23,3,607067,621111,F
822791,20260701,TOR,NYN,9,3,680755,642547,F
823446,20260701,PHI,PIT,10,6,554430,694973,F
824905,20260701,ATL,SLN,5,1,625643,700241,F
824094,20260701,KCA,TBA,0,4,607625,663556,F
824174,20260701,HOU,MIN,3,8,837227,671737,F
823767,20260701,MIL,CIN,4,2,675660,671096,F
824337,20260701,COL,MIA,6,3,607536,676974,F
824985,20260701,ATH,LAN,7,1,669372,676263,F
825064,20260701,ARI,SFN,4,6,668678,686790,F
823442,20260702,PHI,PIT,1,6,660604,683003,F
823765,20260702,MIL,CIN,2,7,694819,695505,F
824335,20260702,COL,MIA,14,4,547179,687473,F
824416,20260702,CLE,CHA,6,5,677944,663436,F
824906,20260702,ATL,SLN,5,11,694462,669160,F
824093,20260702,KCA,TBA,2,5,663568,693855,F
822884,20260702,TEX,DET,10,4,543135,664285,F
823119,20260702,SEA,ANA,1,0,682243,700712,F
823935,20260702,LAN,SDN,12,7,808963,681190,F
824659,20260703,CHN,SLN,1,17,656849,669467,F
822714,20260703,WAS,PIT,9,5,656492,656605,F
823527,20260703,NYA,MIN,5,2,543037,702474,F
824498,20260703,CIN,BAL,0,3,663903,669432,F
824417,20260703,CLE,CHA,4,3,668909,641743,F
824904,20260703,ATL,NYN,5,3,656550,681035,F
824336,20260703,COL,SFN,15,3,663372,657277,F
824173,20260703,HOU,TBA,1,3,681293,607259,F
824013,20260703,ANA,BOS,2,5,672282,687562,F
824982,20260703,ATH,MIA,5,12,678022,663969,F
825062,20260703,ARI,MIL,4,7,703615,690986,F
823933,20260703,LAN,SDN,4,3,660271,650633,F
823120,20260703,SEA,TOR,0,2,622491,656302,F
822716,20260704,WAS,PIT,1,7,687223,677952,F
823526,20260704,NYA,MIN,4,11,694341,805673,F
822882,20260704,TEX,DET,0,3,615698,656427,F
823118,20260704,SEA,TOR,11,0,669302,669456,F
824499,20260704,CIN,BAL,5,8,668881,687064,F
824171,20260704,HOU,TBA,10,8,686613,656876,F
824415,20260704,CLE,CHA,1,3,800048,680732,F
824658,20260704,CHN,SLN,0,3,684007,681517,F
824903,20260704,ATL,NYN,14,3,519242,640455,F
824334,20260704,COL,SFN,4,6,807743,592662,F
824092,20260704,KCA,PHI,1,6,608379,666200,F
824012,20260704,ANA,BOS,1,8,691951,543243,F
824983,20260704,ATH,MIA,2,7,650644,645261,F
825063,20260704,ARI,MIL,4,3,518876,605540,F
823932,20260704,LAN,SDN,3,0,808967,593974,F
824902,20260705,ATL,NYN,9,10,527048,690997,F
822715,20260705,WAS,PIT,5,11,676917,696149,F
824497,20260705,CIN,BAL,3,2,666157,680694,F
823525,20260705,NYA,MIN,1,6,677960,657746,F
824413,20260705,CLE,CHA,6,7,676440,669684,F
824656,20260705,CHN,SLN,6,4,665871,669461,F
824091,20260705,KCA,PHI,5,2,679883,605400,F
824172,20260705,HOU,TBA,2,0,663567,669438,F
822879,20260705,TEX,DET,3,6,677958,663554,F
824333,20260705,COL,SFN,7,6,685299,641816,F
825061,20260705,ARI,MIL,2,3,593958,687075,F
824980,20260705,ATH,MIA,8,9,695611,691587,F
823117,20260705,SEA,TOR,4,0,676106,702056,F
823931,20260705,LAN,SDN,2,5,686218,676664,F
824010,20260705,ANA,BOS,5,7,696270,624133,F
824089,20260706,KCA,PHI,15,1,702070,650911,F
822958,20260706,TBA,NYA,1,5,643377,693645,F
822712,20260706,WAS,HOU,12,11,571945,681347,F
824900,20260706,ATL,NYN,6,7,625643,642547,F
823036,20260706,SLN,MIL,3,4,669160,675660,F
823282,20260706,SDN,ARI,0,8,621111,694297,F
823205,20260706,SFN,TOR,10,1,694738,592332,F
823930,20260706,LAN,COL,8,7,641778,607536,F
823062,20260707,SLN,MIL,3,4,694335,694819,F
823035,20260707,SLN,MIL,2,10,690928,688107,F
824820,20260707,BAL,CHN,2,5,669358,571510,F
824254,20260707,DET,ATH,6,2,669373,669372,F
823361,20260707,PIT,ATL,12,4,694973,694462,F
823847,20260707,MIA,SEA,6,5,676974,693433,F
822956,20260707,TBA,NYA,6,4,693855,701542,F
822713,20260707,WAS,HOU,3,6,674841,837227,F
823607,20260707,NYN,KCA,12,16,672335,607625,F
824495,20260707,CIN,PHI,1,4,671096,554430,F
823687,20260707,MIN,CLE,3,1,671737,676282,F
824579,20260707,CHA,BOS,1,8,702273,801139,F
822881,20260707,TEX,ANA,8,3,594798,667755,F
823280,20260707,SDN,ARI,4,1,608566,668678,F
823203,20260707,SFN,TOR,3,9,686790,693686,F
823929,20260707,LAN,COL,3,4,680736,547179,F
823202,20260708,SFN,TOR,0,10,657277,656302,F
824815,20260708,BAL,CHN,7,9,665152,607067,F
824253,20260708,DET,ATH,6,1,675512,605488,F
823360,20260708,PIT,ATL,0,3,683003,656550,F
823848,20260708,MIA,SEA,2,0,663969,669923,F
822957,20260708,TBA,NYA,3,0,663556,543037,F
822710,20260708,WAS,HOU,8,2,656492,681293,F
823605,20260708,NYN,KCA,6,2,681035,674444,F
824496,20260708,CIN,PHI,11,5,695505,660604,F
823684,20260708,MIN,CLE,6,5,687570,677944,F
824578,20260708,CHA,BOS,0,5,663436,687562,F
823032,20260708,SLN,MIL,5,1,700241,690986,F
822880,20260708,TEX,ANA,1,13,669022,700712,F
823928,20260708,LAN,COL,4,3,808963,687312,F
823279,20260708,SDN,ARI,10,4,650633,703615,F
823359,20260709,PIT,ATL,5,10,656605,693821,F
823606,20260709,NYN,KCA,7,3,640455,608379,F
822954,20260709,TBA,NYA,4,12,656876,621112,F
824816,20260709,BAL,CHN,3,2,669432,656849,F
823683,20260709,MIN,CLE,2,5,641927,668909,F
824577,20260709,CHA,BOS,1,2,641743,663776,F
824251,20260709,DET,ATH,4,1,664285,660761,F
823846,20260709,MIA,SEA,8,4,676083,682243,F
824494,20260709,CIN,PHI,0,1,663903,666200,F
823034,20260709,SLN,MIL,4,8,669467,701656,F
822877,20260709,TEX,ANA,7,6,543135,672282,F
823277,20260709,SDN,ARI,1,3,656288,518876,F
823201,20260709,SFN,COL,8,2,687931,663372,F
824252,20260710,DET,PHI,10,2,656427,605400,F
822709,20260710,WAS,NYA,3,5,687223,677960,F
824817,20260710,BAL,KCA,5,3,687064,679883,F
824493,20260710,CIN,CHN,4,0,668881,684007,F
822955,20260710,TBA,SEA,7,2,607259,622491,F
823845,20260710,MIA,CLE,2,3,645261,800048,F
823604,20260710,NYN,BOS,2,6,690997,543243,F
824575,20260710,CHA,ATH,14,1,680732,682052,F
822878,20260710,TEX,HOU,7,3,615698,686613,F
823685,20260710,MIN,ANA,3,4,805673,680570,F
823033,20260710,SLN,ATL,2,1,681517,519242,F
823278,20260710,SDN,TOR,3,5,676664,669456,F
823927,20260710,LAN,ARI,3,9,669165,593958,F
823200,20260710,SFN,COL,3,4,592662,685299,F
823357,20260711,PIT,MIL,,,677952,687075,F
823357,20260711,PIT,MIL,7,6,677952,687075,F
823356,20260711,PIT,MIL,3,2,696149,675660,F
823682,20260711,MIN,ANA,5,3,657746,696270,F
824576,20260711,CHA,ATH,1,0,663542,695611,F
823198,20260711,SFN,COL,4,2,641816,607536,F
822711,20260711,WAS,NYA,2,4,676571,693645,F
823603,20260711,NYN,BOS,0,4,642547,700842,F
822953,20260711,TBA,SEA,6,1,643377,669302,F
823844,20260711,MIA,CLE,1,4,691587,676440,F
824249,20260711,DET,PHI,2,4,663554,650911,F
824813,20260711,BAL,KCA,6,1,680694,702070,F
822875,20260711,TEX,HOU,3,9,677958,663567,F
824492,20260711,CIN,CHN,3,5,666157,665871,F
823030,20260711,SLN,ATL,4,1,669461,625643,F
823276,20260711,SDN,TOR,8,7,621111,702056,F
823926,20260711,LAN,ARI,2,9,808967,694297,F
823358,20260712,PIT,MIL,14,5,694973,688107,F
824814,20260712,BAL,KCA,8,2,669358,607625,F
822708,20260712,WAS,NYA,3,5,676917,701542,F
824491,20260712,CIN,CHN,4,8,671096,571510,F
823602,20260712,NYN,BOS,2,3,804267,801139,F
822951,20260712,TBA,SEA,2,8,693855,676106,F
824250,20260712,DET,PHI,0,5,669373,554430,F
823842,20260712,MIA,CLE,2,5,663969,676282,F
823681,20260712,MIN,ANA,4,2,671737,667755,F
824574,20260712,CHA,ATH,9,1,702273,669372,F
823029,20260712,SLN,ATL,3,4,669160,664849,F
822876,20260712,TEX,HOU,6,5,669022,664299,F
823199,20260712,SFN,COL,3,1,686790,547179,F
823925,20260712,LAN,ARI,3,5,686218,683352,F
823274,20260712,SDN,TOR,5,4,608566,592332,F
823440,20260716,PHI,NYN,1,4,605400,681035,F
824766,20260717,BOS,TBA,10,0,687562,643377,F
824737,20260717,BOS,TBA,5,3,700842,669438,F
823524,20260717,NYA,LAN,1,2,543037,808963,F
824901,20260717,ATL,TEX,15,1,519242,615698,F
822789,20260717,TOR,CHA,4,12,693686,641743,F
823766,20260717,MIL,MIA,2,1,701656,645261,F
824655,20260717,CHN,MIN,2,5,607067,641927,F
824170,20260717,HOU,BAL,2,3,663567,665152,F
824090,20260717,KCA,SDN,7,6,607625,650633,F
824332,20260717,COL,CIN,2,7,687312,663903,F
824009,20260717,ANA,DET,1,2,672282,675512,F
824981,20260717,ATH,WAS,4,23,695611,676917,F
825060,20260717,ARI,SLN,4,5,518876,700241,F
823115,20260717,SEA,SFN,0,7,682243,694738,F
824414,20260718,CLE,PIT,,,668909,683003,F
824414,20260718,CLE,PIT,1,7,668909,683003,F
824412,20260718,CLE,PIT,5,3,671106,682254,F
824657,20260718,CHN,MIN,6,2,571510,671737,F
823441,20260718,PHI,NYN,6,1,666200,640455,F
822790,20260718,TOR,CHA,1,0,669456,663436,F
824331,20260718,COL,CIN,10,3,608372,695076,F
824169,20260718,HOU,BAL,2,4,681293,669432,F
824088,20260718,KCA,SDN,6,1,677976,656288,F
825059,20260718,ARI,SLN,5,3,694297,669160,F
824738,20260718,BOS,TBA,7,6,663776,693855,F
824899,20260718,ATL,TEX,6,7,702566,669022,F
823763,20260718,MIL,MIA,8,6,675660,676974,F
823116,20260718,SEA,SFN,4,3,693433,657277,F
824979,20260718,ATH,WAS,15,1,669372,641793,F
824008,20260718,ANA,DET,0,7,680570,669373,F
823523,20260719,NYA,LAN,,,693645,808967,F
822786,20260719,TOR,CHA,0,3,702056,680732,F
823523,20260719,NYA,LAN,2,8,693645,808967,F
823521,20260719,NYA,LAN,2,1,642232,694361,F
824739,20260719,BOS,TBA,6,1,543243,663556,F
823439,20260719,PHI,NYN,1,6,660604,690997,F
824897,20260719,ATL,TEX,8,5,656550,543135,F
824411,20260719,CLE,PIT,1,7,676282,694973,F
824168,20260719,HOU,BAL,2,5,686613,687064,F
824086,20260719,KCA,SDN,2,19,702070,608566,F
823764,20260719,MIL,MIA,3,1,688107,691587,F
824653,20260719,CHN,MIN,10,1,684007,805673,F
824330,20260719,COL,CIN,6,9,663372,668881,F
824978,20260719,ATH,WAS,2,5,682052,656492,F
824007,20260719,ANA,DET,3,2,696270,663554,F
823113,20260719,SEA,SFN,6,3,669302,592662,F
825057,20260719,ARI,SLN,8,7,593958,669467,F
824410,20260720,CLE,MIN,13,4,676440,657746,F
823522,20260720,NYA,PIT,8,5,677960,677952,F
822788,20260720,TOR,TBA,1,7,656302,607259,F
824736,20260720,BOS,BAL,6,5,801139,669358,F
823436,20260720,PHI,LAN,10,7,650911,686218,F
824898,20260720,ATL,SDN,3,2,693821,676664,F
824087,20260720,KCA,SFN,4,3,608379,686790,F
823762,20260720,MIL,NYN,8,3,694819,642547,F
824654,20260720,CHN,DET,6,8,592791,656427,F
822874,20260720,TEX,CHA,3,10,594798,607200,F
824167,20260720,HOU,MIA,8,5,669854,676083,F
824328,20260720,COL,WAS,3,7,607536,674841,F
825058,20260720,ARI,ATH,2,5,683352,605488,F
823112,20260720,SEA,CIN,8,0,669923,671096,F
824006,20260720,ANA,SLN,3,2,667755,681517,F
824409,20260721,CLE,MIN,5,2,800048,696070,F
823437,20260721,PHI,LAN,1,2,554430,680736,F
822787,20260721,TOR,TBA,2,12,592332,656876,F
824895,20260721,ATL,SDN,3,8,625643,621111,F
824085,20260721,KCA,SFN,3,2,679883,641816,F
823760,20260721,MIL,NYN,0,4,687075,804267,F
824652,20260721,CHN,DET,11,2,656849,664285,F
822871,20260721,TEX,CHA,10,0,677958,702273,F
824165,20260721,HOU,MIA,5,3,837227,663969,F
824329,20260721,COL,WAS,8,7,547179,687223,F
824005,20260721,ANA,SLN,5,1,700712,669461,F
825056,20260721,ARI,ATH,6,5,684442,678022,F
823114,20260721,SEA,CIN,2,4,622491,695505,F
823519,20260722,NYA,PIT,,,608331,696149,F
824735,20260722,BOS,BAL,,,687562,665152,F
823518,20260722,NYA,PIT,3,5,543037,656605,F
823519,20260722,NYA,PIT,2,0,608331,696149,F
824735,20260722,BOS,BAL,6,3,687562,665152,F
824732,20260722,BOS,BAL,1,5,700842,680694,F
824083,20260722,KCA,SFN,5,4,607625,694738,F
823761,20260722,MIL,NYN,4,3,701656,681035,F
824327,20260722,COL,WAS,0,8,687312,676917,F
825055,20260722,ARI,ATH,15,5,518876,695611,F
823110,20260722,SEA,CIN,3,5,676106,663903,F
824004,20260722,ANA,SLN,0,1,672282,690928,F
824408,20260722,CLE,MIN,6,10,677944,641927,F
823438,20260722,PHI,LAN,5,9,605400,641778,F
822784,20260722,TOR,TBA,2,4,680755,643377,F
824896,20260722,ATL,SDN,7,6,527048,650633,F
822873,20260722,TEX,CHA,2,4,641302,641743,F
824650,20260722,CHN,DET,1,5,607067,672456,F
824166,20260722,HOU,MIA,5,2,663567,645261,F
824893,20260723,ATL,SDN,6,5,519242,606996,F
824406,20260723,CLE,MIN,1,3,668909,671737,F
822785,20260723,TOR,TBA,3,1,669456,668984,F
823042,20260723,SLN,ARI,6,10,700241,694297,F
824247,20260723,DET,KCA,4,3,675512,677976,F
823759,20260724,MIL,COL,2,5,675660,608372,F
824248,20260724,DET,KCA,2,1,669373,694360,F
823352,20260724,PIT,CHN,2,3,683003,571510,F
822707,20260724,WAS,ARI,2,3,687223,593958,F
823434,20260724,PHI,NYA,0,1,666200,693645,F
824812,20260724,BAL,ATL,6,7,669432,656550,F
823601,20260724,NYN,LAN,2,4,640455,808963,F
822952,20260724,TBA,CLE,11,3,663556,676282,F
823843,20260724,MIA,SDN,2,4,687473,608566,F
824733,20260724,BOS,TOR,6,4,663776,702056,F
824573,20260724,CHA,HOU,5,9,663436,681293,F
822872,20260724,TEX,SEA,5,4,669022,682243,F
823680,20260724,MIN,ATH,0,2,805673,682052,F
823031,20260724,SLN,CIN,2,4,669160,695076,F
823196,20260724,SFN,ANA,7,6,657277,680570,F
824244,20260725,DET,KCA,2,3,663554,608379,F
822704,20260725,WAS,ARI,5,3,656492,683352,F
823197,20260725,SFN,ANA,9,2,592662,696270,F
824734,20260725,BOS,TOR,0,6,543243,656302,F
823841,20260725,MIA,SDN,2,7,691587,681190,F
823435,20260725,PHI,NYA,1,3,641835,677960,F
822948,20260725,TBA,CLE,3,0,607259,676440,F
823355,20260725,PIT,CHN,0,11,694973,684007,F
824811,20260725,BAL,ATL,3,2,687064,693821,F
823679,20260725,MIN,ATH,2,0,696070,669620,F
824571,20260725,CHA,HOU,1,4,680732,686613,F
823758,20260725,MIL,COL,8,5,688107,663372,F
823600,20260725,NYN,LAN,3,4,690997,808967,F
823027,20260725,SLN,CIN,7,0,669467,668881,F
822869,20260725,TEX,SEA,7,1,543135,693433,F
822950,20260726,TBA,CLE,1,0,656876,800048,F
822706,20260726,WAS,ARI,10,7,571945,684442,F
823354,20260726,PIT,CHN,8,7,677952,592791,F
824730,20260726,BOS,TOR,6,1,624133,592332,F
824810,20260726,BAL,ATL,2,3,669358,625643,F
824246,20260726,DET,KCA,4,5,664285,679883,F
823599,20260726,NYN,LAN,8,3,642547,686218,F
823840,20260726,MIA,SDN,3,5,676083,621111,F
823678,20260726,MIN,ATH,11,8,687570,605488,F
824572,20260726,CHA,HOU,12,3,607200,669854,F
823755,20260726,MIL,COL,11,2,694819,607536,F
823028,20260726,SLN,CIN,3,5,681517,671096,F
822870,20260726,TEX,SEA,4,6,594798,669302,F
823194,20260726,SFN,ANA,3,4,687931,667755,F
823433,20260726,PHI,NYA,11,4,650911,701542,F
822868,20260727,TEX,SEA,7,3,677958,669923,F
824245,20260727,DET,BAL,5,8,672456,680694,F
823353,20260727,PIT,ARI,3,2,656605,518876,F
823839,20260727,MIA,PHI,8,7,663969,554430,F
822705,20260727,WAS,TOR,2,3,678868,453286,F
823597,20260727,NYN,ATL,14,3,804267,527048,F
824570,20260727,CHA,NYA,5,9,702273,608331,F
823025,20260727,SLN,CHN,3,7,669461,656849,F
824001,20260727,ANA,HOU,4,6,700712,837227,F
824977,20260727,ATH,BOS,2,4,678022,801139,F
823195,20260727,SFN,MIL,3,0,641816,687075,F
824490,20260728,CIN,CLE,,,,,F
